Url,Title,Ratings,Screen Size,Storage,Ram,user-reviews
https://www.kimovil.com/en/where-to-buy-samsung-galaxy-s20-fe-g781u,Samsung Galaxy S20 FE 5G,9.7,"6.5""",128GB,6GB,70 reviews
https://www.kimovil.com/en/where-to-buy-samsung-galaxy-s20-fe,Samsung Galaxy S20 FE,9.5,"6.5""",128GB,6GB,70 reviews
https://www.kimovil.com/en/where-to-buy-samsung-galaxy-s20-ultra,Samsung Galaxy S20 Ultra,9.4,"6.9""",128GB,12GB,23 reviews
https://www.kimovil.com/en/where-to-buy-samsung-galaxy-s20-fan-edition-global-8gb-128gb-5g,Samsung Galaxy S20 FE,9.4,"6.5""",128GB,8GB,70 reviews
https://www.kimovil.com/en/where-to-buy-samsung-galaxy-s20-fan-edition-5g,Samsung Galaxy S20 FE,9.3,"6.5""",128GB,6GB,70 reviews
https://www.kimovil.com/en/where-to-buy-samsung-galaxy-s20-fan-edition-256gb,Samsung Galaxy S20 FE,9.3,"6.5""",256GB,8GB,70 reviews
https://www.kimovil.com/en/where-to-buy-samsung-galaxy-s20-plus-5g,Samsung Galaxy S20 Plus 5G,9.2,"6.7""",128GB,12GB,27 reviews
https://www.kimovil.com/en/where-to-buy-samsung-galaxy-s20-fan-edition-na-256gb,Samsung Galaxy S20 FE 5G,9.2,"6.5""",256GB,8GB,70 reviews
https://www.kimovil.com/en/where-to-buy-samsung-galaxy-s20-5g,Samsung Galaxy S20 5G,9.1,"6.2""",128GB,12GB,19 reviews
https://www.kimovil.com/en/where-to-buy-samsung-galaxy-s20-fan-edition-5gb-256gb,Samsung Galaxy S20 FE,9.1,"6.5""",256GB,8GB,70 reviews
https://www.kimovil.com/en/where-to-buy-samsung-galaxy-s20-plus-global-8gb-128gb-5g-g986bz,Samsung Galaxy S20 Plus 5G,9.1,"6.7""",128GB,8GB,27 reviews
https://www.kimovil.com/en/where-to-buy-samsung-galaxy-s20-fan-edition-global-8gb-128gb-4g,Samsung Galaxy S20 FE,9.1,"6.5""",128GB,8GB,70 reviews
https://www.kimovil.com/en/where-to-buy-samsung-galaxy-s21-5g,Samsung Galaxy S21 5G,9.1,"6.2""",128GB,8GB,20 reviews
https://www.kimovil.com/en/where-to-buy-samsung-galaxy-s21-plus,Samsung Galaxy S21+,9.1,"6.7""",128GB,8GB,7 reviews
https://www.kimovil.com/en/where-to-buy-samsung-galaxy-s20-plus,Samsung Galaxy S20 Plus,9,"6.7""",128GB,8GB,27 reviews
https://www.kimovil.com/en/where-to-buy-samsung-galaxy-s20-global-8gb-128gb-5g-g981bz,Samsung Galaxy S20 5G,9,"6.2""",128GB,8GB,19 reviews
https://www.kimovil.com/en/where-to-buy-samsung-galaxy-s20-fe-sm-g780v,Samsung Galaxy S20 FE,9,"6.5""",256GB,6GB,70 reviews
https://www.kimovil.com/en/where-to-buy-samsung-galaxy-s21-ultra,Samsung Galaxy S21 Ultra,9,"6.8""",128GB,12GB,30 reviews
https://www.kimovil.com/en/where-to-buy-samsung-galaxy-s21-plus-256gb-global,Samsung Galaxy S21+,9,"6.7""",256GB,8GB,7 reviews
https://www.kimovil.com/en/where-to-buy-samsung-galaxy-s20,Samsung Galaxy S20,8.9,"6.2""",128GB,8GB,19 reviews
https://www.kimovil.com/en/where-to-buy-samsung-galaxy-note20-n981u,Samsung Galaxy Note20,8.9,"6.7""",256GB,8GB,No user reviews
https://www.kimovil.com/en/where-to-buy-samsung-galaxy-s21-5g-na,Samsung Galaxy S21 5G,8.9,"6.2""",128GB,8GB,20 reviews
https://www.kimovil.com/en/where-to-buy-samsung-galaxy-s21-5g-256gb-global,Samsung Galaxy S21 5G,8.9,"6.2""",256GB,8GB,20 reviews
https://www.kimovil.com/en/where-to-buy-samsung-galaxy-m62,Samsung Galaxy M62,8.9,"6.7""",128GB,8GB,No user reviews
https://www.kimovil.com/en/where-to-buy-samsung-galaxy-note-20-ultra,Samsung Galaxy Note20 Ultra,8.8,"6.9""",256GB,12GB,22 reviews
https://www.kimovil.com/en/where-to-buy-samsung-galaxy-s21-plus-na,Samsung Galaxy S21+,8.8,"6.7""",128GB,8GB,7 reviews
https://www.kimovil.com/en/where-to-buy-samsung-galaxy-s21-ultra-256gb-global,Samsung Galaxy S21 Ultra,8.8,"6.8""",256GB,12GB,30 reviews
https://www.kimovil.com/en/where-to-buy-samsung-galaxy-s21-plus-256gb-sm-g996u,Samsung Galaxy S21+,8.8,"6.7""",256GB,8GB,7 reviews
https://www.kimovil.com/en/where-to-buy-samsung-galaxy-s21-5g-256gb-sm-g991u,Samsung Galaxy S21 5G,8.8,"6.2""",256GB,8GB,20 reviews
https://www.kimovil.com/en/where-to-buy-samsung-galaxy-s21-5g-cn,Samsung Galaxy S21 5G,8.8,"6.2""",128GB,8GB,20 reviews
https://www.kimovil.com/en/where-to-buy-samsung-galaxy-a52s-5g-global-6gb-128gb,Samsung Galaxy A52s 5G,8.8,"6.5""",128GB,6GB,5 reviews
https://www.kimovil.com/en/where-to-buy-samsung-galaxy-a52s-5g-global-8gb-128gb,Samsung Galaxy A52s 5G,8.8,"6.5""",128GB,8GB,5 reviews
https://www.kimovil.com/en/where-to-buy-samsung-galaxy-s20-na,Samsung Galaxy S20 5G,8.7,"6.2""",128GB,12GB,19 reviews
https://www.kimovil.com/en/where-to-buy-samsung-galaxy-note-20,Samsung Galaxy Note20,8.7,"6.7""",256GB,8GB,No user reviews
https://www.kimovil.com/en/where-to-buy-samsung-galaxy-s20-ultra-global-12gb-256gb-5g-g988bz,Samsung Galaxy S20 Ultra,8.7,"6.9""",256GB,12GB,23 reviews
https://www.kimovil.com/en/where-to-buy-samsung-galaxy-note10-plus,Samsung Galaxy Note10+,8.7,"6.8""",256GB,12GB,57 reviews
https://www.kimovil.com/en/where-to-buy-samsung-galaxy-s21-ultra-na,Samsung Galaxy S21 Ultra,8.7,"6.8""",128GB,12GB,30 reviews
https://www.kimovil.com/en/where-to-buy-samsung-galaxy-s21-5g-256gb-cn,Samsung Galaxy S21 5G,8.7,"6.2""",256GB,8GB,20 reviews
https://www.kimovil.com/en/where-to-buy-samsung-galaxy-a52s-5g,Samsung Galaxy A52s 5G,8.7,"6.5""",256GB,6GB,5 reviews
https://www.kimovil.com/en/where-to-buy-samsung-galaxy-a52s-5g-global-8gb-256gb,Samsung Galaxy A52s 5G,8.7,"6.5""",256GB,8GB,5 reviews
https://www.kimovil.com/en/where-to-buy-samsung-galaxy-s10,Samsung Galaxy S10,8.6,"6.1""",128GB,8GB,60 reviews
https://www.kimovil.com/en/where-to-buy-samsung-galaxy-s10-sm-g970,Samsung Galaxy S10,8.6,"6.1""",128GB,8GB,60 reviews
https://www.kimovil.com/en/where-to-buy-samsung-galaxy-s10-plus,Samsung Galaxy S10 Plus,8.6,"6.4""",128GB,8GB,108 reviews
https://www.kimovil.com/en/where-to-buy-samsung-galaxy-s10-plus-sm-g975f-512gb,Samsung Galaxy S10 Plus,8.6,"6.4""",512GB,8GB,108 reviews
https://www.kimovil.com/en/where-to-buy-samsung-galaxy-s10-plus-sm-g975f-1tb,Samsung Galaxy S10 Plus,8.6,"6.4""",1TB,12GB,108 reviews
https://www.kimovil.com/en/where-to-buy-samsung-galaxy-s10-lite-global-8gb-128gb-g770ff,Samsung Galaxy S10 Lite,8.6,"6.7""",128GB,8GB,21 reviews
https://www.kimovil.com/en/where-to-buy-samsung-galaxy-note20-4g-global,Samsung Galaxy Note20,8.6,"6.7""",256GB,8GB,No user reviews
https://www.kimovil.com/en/where-to-buy-samsung-galaxy-note20-ultra-4g-na,Samsung Galaxy Note20 Ultra,8.6,"6.9""",256GB,8GB,22 reviews
https://www.kimovil.com/en/where-to-buy-samsung-galaxy-s10-5g-eu,Samsung Galaxy S10 5G,8.6,"6.7""",256GB,8GB,8 reviews
https://www.kimovil.com/en/where-to-buy-samsung-galaxy-note-10,Samsung Galaxy Note10,8.6,"6.3""",256GB,8GB,17 reviews
https://www.kimovil.com/en/where-to-buy-samsung-galaxy-note-10-n970u,Samsung Galaxy Note10,8.6,"6.3""",256GB,8GB,17 reviews
https://www.kimovil.com/en/where-to-buy-samsung-galaxy-f62,Samsung Galaxy F62,8.6,"6.7""",128GB,6GB,No user reviews
https://www.kimovil.com/en/where-to-buy-samsung-galaxy-a52-5g-global-8gb-256gb-sm-a526b,Samsung Galaxy A52 5G,8.6,"6.5""",256GB,8GB,No user reviews
https://www.kimovil.com/en/where-to-buy-samsung-galaxy-note20-ultra-8gb,Samsung Galaxy Note20 Ultra,8.6,"6.9""",256GB,8GB,22 reviews
https://www.kimovil.com/en/where-to-buy-samsung-galaxy-s21-plus-256gb-cn,Samsung Galaxy S21+,8.6,"6.7""",256GB,8GB,7 reviews
https://www.kimovil.com/en/where-to-buy-samsung-galaxy-a52-5g,Samsung Galaxy A52 5G,8.6,"6.5""",128GB,6GB,No user reviews
https://www.kimovil.com/en/where-to-buy-samsung-galaxy-m52-5g,Samsung Galaxy M52 5G,8.6,"6.7""",128GB,6GB,No user reviews
https://www.kimovil.com/en/where-to-buy-samsung-galaxy-m52-5g-global-8gb-128gb,Samsung Galaxy M52 5G,8.6,"6.7""",128GB,8GB,No user reviews
https://www.kimovil.com/en/where-to-buy-samsung-galaxy-s10-sm-g970fd-512gb,Samsung Galaxy S10,8.5,"6.1""",512GB,8GB,60 reviews
https://www.kimovil.com/en/where-to-buy-samsung-galaxy-m51g,Samsung Galaxy M51,8.5,"6.67""",128GB,6GB,16 reviews
https://www.kimovil.com/en/where-to-buy-samsung-galaxy-note10-plus-eu-5g,Samsung Galaxy Note10+ 5G,8.5,"6.8""",256GB,12GB,57 reviews
https://www.kimovil.com/en/where-to-buy-samsung-galaxy-a52-5g-global-8gb-128gb-sm-a526b,Samsung Galaxy A52 5G,8.5,"6.5""",128GB,8GB,No user reviews
https://www.kimovil.com/en/where-to-buy-samsung-galaxy-s21-ultra-512gb-global,Samsung Galaxy S21 Ultra,8.5,"6.8""",512GB,16GB,30 reviews
https://www.kimovil.com/en/where-to-buy-samsung-galaxy-s21-ultra-256gb-sm-g998u,Samsung Galaxy S21 Ultra,8.5,"6.8""",256GB,12GB,30 reviews
https://www.kimovil.com/en/where-to-buy-samsung-galaxy-s10e,Samsung Galaxy S10e,8.4,"5.8""",128GB,6GB,90 reviews
https://www.kimovil.com/en/where-to-buy-samsung-galaxy-note-9-dual-eu,Samsung Galaxy Note 9,8.4,"6.4""",128GB,6GB,92 reviews
https://www.kimovil.com/en/where-to-buy-samsung-galaxy-m51-8gb,Samsung Galaxy M51,8.4,"6.67""",128GB,8GB,16 reviews
https://www.kimovil.com/en/where-to-buy-samsung-galaxy-a52-4g-8gb-128gb,Samsung Galaxy A52,8.4,"6.5""",256GB,8GB,33 reviews
https://www.kimovil.com/en/where-to-buy-samsung-galaxy-a52-am,Samsung Galaxy A52,8.4,"6.5""",128GB,6GB,33 reviews
https://www.kimovil.com/en/where-to-buy-samsung-galaxy-a52-4gb-global,Samsung Galaxy A52,8.4,"6.5""",128GB,4GB,33 reviews
https://www.kimovil.com/en/where-to-buy-samsung-galaxy-note-9-8gb-512gb-eu-n960fd,Samsung Galaxy Note 9,8.3,"6.4""",512GB,8GB,92 reviews
https://www.kimovil.com/en/where-to-buy-samsung-galaxy-s9-plus-eu,Samsung Galaxy S9+,8.3,"6.2""",64GB,6GB,88 reviews
https://www.kimovil.com/en/where-to-buy-samsung-galaxy-s9-plus-dual-sim,Samsung Galaxy S9+,8.3,"6.2""",64GB,6GB,88 reviews
https://www.kimovil.com/en/where-to-buy-samsung-galaxy-note-9,Samsung Galaxy Note 9,8.3,"6.4""",128GB,6GB,92 reviews
https://www.kimovil.com/en/where-to-buy-samsung-galaxy-note-9-8gb-eu,Samsung Galaxy Note 9,8.3,"6.4""",512GB,8GB,92 reviews
https://www.kimovil.com/en/where-to-buy-samsung-galaxy-note20-ultra-512gb-global,Samsung Galaxy Note20 Ultra,8.3,"6.9""",512GB,12GB,22 reviews
https://www.kimovil.com/en/where-to-buy-samsung-galaxy-note20-ultra-512gb-na,Samsung Galaxy Note20 Ultra,8.3,"6.9""",512GB,12GB,22 reviews
https://www.kimovil.com/en/where-to-buy-samsung-galaxy-a51-5g,Samsung Galaxy A51 5G,8.3,"6.5""",128GB,6GB,No user reviews
https://www.kimovil.com/en/where-to-buy-samsung-galaxy-note10-plus-eu-512,Samsung Galaxy Note10+,8.3,"6.8""",512GB,12GB,57 reviews
https://www.kimovil.com/en/where-to-buy-samsung-galaxy-a72,Samsung Galaxy A72,8.3,"6.7""",128GB,6GB,14 reviews
https://www.kimovil.com/en/where-to-buy-samsung-galaxy-a72-am,Samsung Galaxy A72,8.3,"6.7""",128GB,6GB,14 reviews
https://www.kimovil.com/en/where-to-buy-samsung-galaxy-a52-global-8gb-128gb-sm-a525f,Samsung Galaxy A52,8.3,"6.5""",128GB,8GB,33 reviews
https://www.kimovil.com/en/where-to-buy-samsung-galaxy-a52,Samsung Galaxy A52,8.3,"6.5""",128GB,6GB,33 reviews
https://www.kimovil.com/en/where-to-buy-samsung-galaxy-a71,Samsung Galaxy A71,8.2,"6.7""",128GB,6GB,53 reviews
https://www.kimovil.com/en/where-to-buy-samsung-galaxy-note-10-lite,Samsung Galaxy Note 10 Lite,8.2,"6.7""",128GB,6GB,16 reviews
https://www.kimovil.com/en/where-to-buy-samsung-galaxy-a71-global-8gb-128gb-a715f,Samsung Galaxy A71,8.2,"6.7""",128GB,8GB,53 reviews
https://www.kimovil.com/en/where-to-buy-samsung-galaxy-s20-plus-global-512gb,Samsung Galaxy S20 Plus 5G,8.2,"6.7""",512GB,12GB,27 reviews
https://www.kimovil.com/en/where-to-buy-samsung-galaxy-s9-eu,Samsung Galaxy S9,8.2,"5.8""",64GB,4GB,93 reviews
https://www.kimovil.com/en/where-to-buy-samsung-galaxy-s9-dual-sim,Samsung Galaxy S9,8.2,"5.8""",64GB,4GB,93 reviews
https://www.kimovil.com/en/where-to-buy-samsung-galaxy-s9-plusg965fd-6gb-256gb,Samsung Galaxy S9+,8.2,"6.2""",256GB,6GB,88 reviews
https://www.kimovil.com/en/where-to-buy-samsung-galaxy-m31-india-8gb-128gb-m315fz,Samsung Galaxy M31,8.2,"6.4""",128GB,8GB,16 reviews
https://www.kimovil.com/en/where-to-buy-samsung-galaxy-a71-5g-na,Samsung Galaxy A71 5G,8.2,"6.7""",128GB,8GB,No user reviews
https://www.kimovil.com/en/where-to-buy-samsung-galaxy-a72-8gb,Samsung Galaxy A72,8.2,"6.7""",256GB,8GB,14 reviews
https://www.kimovil.com/en/where-to-buy-samsung-galaxy-a42-5g,Samsung Galaxy A42 5G,8.2,"6.6""",128GB,4GB,No user reviews
https://www.kimovil.com/en/where-to-buy-samsung-galaxy-a42-5g-global-8gb-128gb,Samsung Galaxy A42 5G,8.2,"6.6""",128GB,8GB,No user reviews
https://www.kimovil.com/en/where-to-buy-samsung-galaxy-a32-global-8gb-128gb-sm-a325f,Samsung Galaxy A32,8.2,"6.4""",128GB,8GB,10 reviews
https://www.kimovil.com/en/where-to-buy-samsung-galaxy-a72-global-8gb-128gb-sm-a725f,Samsung Galaxy A72,8.2,"6.7""",128GB,8GB,14 reviews
https://www.kimovil.com/en/where-to-buy-samsung-galaxy-z-flip3-5g,Samsung Galaxy Z Flip3 5G,8.2,"6.7""",128GB,8GB,No user reviews
https://www.kimovil.com/en/where-to-buy-samsung-z-flip3-5g-sm-f11u,Samsung Galaxy Z Flip3 5G,8.2,"6.7""",128GB,8GB,No user reviews
https://www.kimovil.com/en/where-to-buy-samsung-z-flip3-5g-global-8gb-256gb-sm-f711b,Samsung Galaxy Z Flip3 5G,8.2,"6.7""",256GB,8GB,No user reviews
https://www.kimovil.com/en/where-to-buy-samsung-galaxy-s8,Samsung Galaxy S8,8.1,"5.8""",64GB,4GB,173 reviews
https://www.kimovil.com/en/where-to-buy-samsung-galaxy-a51,Samsung Galaxy A51,8.1,"6.5""",128GB,4GB,69 reviews
https://www.kimovil.com/en/where-to-buy-samsung-galaxy-s20-ultra-512gb-global,Samsung Galaxy S20 Ultra,?,"6.9""",512GB,12GB,23 reviews
https://www.kimovil.com/en/where-to-buy-samsung-galaxy-s20-ultra-na-512gb,Samsung Galaxy S20 Ultra,?,"6.9""",512GB,12GB,23 reviews
https://www.kimovil.com/en/where-to-buy-samsung-galaxy-s20-ultra-16gb,Samsung Galaxy S20 Ultra,?,"6.9""",512GB,16GB,23 reviews
https://www.kimovil.com/en/where-to-buy-samsung-galaxy-s9-plus-6gb-128gb,Samsung Galaxy S9+,8.1,"6.2""",128GB,6GB,88 reviews
https://www.kimovil.com/en/where-to-buy-samsung-galaxy-z-fold-2,Samsung Galaxy Z Fold2 5G,8.1,"6.2""",256GB,12GB,No user reviews
https://www.kimovil.com/en/where-to-buy-samsung-galaxy-a80,Samsung Galaxy A80,8.1,"6.7""",128GB,8GB,14 reviews
https://www.kimovil.com/en/where-to-buy-samsung-galaxy-m31,Samsung Galaxy M31,8.1,"6.4""",64GB,6GB,16 reviews
https://www.kimovil.com/en/where-to-buy-samsung-galaxy-m31-128gb-global,Samsung Galaxy M31,8.1,"6.4""",128GB,6GB,16 reviews
https://www.kimovil.com/en/where-to-buy-samsung-galaxy-s20-ultra-16gb-512gb-g988u,Samsung Galaxy S20 Ultra,?,"6.9""",512GB,16GB,23 reviews
https://www.kimovil.com/en/where-to-buy-samsung-galaxy-m21-sudeste-asiatico-6gb-128gb-m215f,Samsung Galaxy M21,8.1,"6.4""",128GB,6GB,No user reviews
https://www.kimovil.com/en/where-to-buy-samsung-galaxy-a90-5g,Samsung Galaxy A90 5G,8.1,"6.7""",128GB,6GB,No user reviews
https://www.kimovil.com/en/where-to-buy-samsung-galaxy-a32,Samsung Galaxy A32,8.1,"6.4""",128GB,4GB,10 reviews
https://www.kimovil.com/en/where-to-buy-samsung-galaxy-a32-6gb-128gb-4g,Samsung Galaxy A32,8.1,"6.4""",128GB,6GB,10 reviews
https://www.kimovil.com/en/where-to-buy-samsung-galaxy-m31s,Samsung Galaxy M31s,8.1,"6.5""",128GB,6GB,No user reviews
https://www.kimovil.com/en/where-to-buy-samsung-galaxy-s21-ultra-512gb-sm-g998u,Samsung Galaxy S21 Ultra,?,"6.8""",512GB,16GB,30 reviews
https://www.kimovil.com/en/where-to-buy-samsung-galaxy-s21-ultra-512gb-cn,Samsung Galaxy S21 Ultra,8.1,"6.8""",512GB,16GB,30 reviews
https://www.kimovil.com/en/where-to-buy-samsung-galaxy-s21-ultra-kr,Samsung Galaxy S21 Ultra,?,"6.8""",256GB,12GB,30 reviews
https://www.kimovil.com/en/where-to-buy-samsung-galaxy-s21-ultra-512gb-kr,Samsung Galaxy S21 Ultra,?,"6.8""",512GB,16GB,30 reviews
https://www.kimovil.com/en/where-to-buy-samsung-galaxy-a22-5g,Samsung Galaxy A22 5G,8.1,"6.6""",64GB,4GB,No user reviews
https://www.kimovil.com/en/where-to-buy-samsung-galaxy-a22-5g-128gb,Samsung Galaxy A22 5G,8.1,"6.6""",128GB,4GB,No user reviews
https://www.kimovil.com/en/where-to-buy-samsung-galaxy-a22-5g-global-6gb-128gb-sm-a226b,Samsung Galaxy A22 5G,8.1,"6.6""",128GB,6GB,No user reviews
https://www.kimovil.com/en/where-to-buy-samsung-galaxy-m21-2021,Samsung Galaxy M21 2021,8.1,"6.4""",64GB,4GB,No user reviews
https://www.kimovil.com/en/where-to-buy-samsung-z-flip3-5g-northamerica-8gb-256gb-unlocked,Samsung Galaxy Z Flip3 5G,8.1,"6.7""",256GB,8GB,No user reviews
https://www.kimovil.com/en/where-to-buy-samsung-galaxy-s8-plus,Samsung Galaxy S8+,8,"6.2""",64GB,4GB,102 reviews
https://www.kimovil.com/en/where-to-buy-samsung-galaxy-s8-plus4gb-64gb-g955fd,Samsung Galaxy S8+,8,"6.2""",64GB,4GB,102 reviews
https://www.kimovil.com/en/where-to-buy-samsung-galaxy-a51-global-6gb-128gb-a515f,Samsung Galaxy A51,8,"6.5""",128GB,6GB,69 reviews
https://www.kimovil.com/en/where-to-buy-samsung-galaxy-s20-plus-na-512gb,Samsung Galaxy S20 Plus 5G,?,"6.7""",512GB,12GB,27 reviews
https://www.kimovil.com/en/where-to-buy-samsung-galaxy-s20-ultra-na,Samsung Galaxy S20 Ultra,?,"6.9""",128GB,12GB,23 reviews
https://www.kimovil.com/en/where-to-buy-samsung-galaxy-s9-g960fd-4gb-128gb,Samsung Galaxy S9,8,"5.8""",128GB,4GB,93 reviews
https://www.kimovil.com/en/where-to-buy-samsung-galaxy-m21,Samsung Galaxy M21,8,"6.4""",64GB,4GB,No user reviews
https://www.kimovil.com/en/where-to-buy-samsung-galaxy-a51-global-8gb-128gb-a515f,Samsung Galaxy A51,8,"6.5""",128GB,8GB,69 reviews
https://www.kimovil.com/en/where-to-buy-samsung-galaxy-m21s,Samsung Galaxy M21s,8,"6.4""",64GB,4GB,8 reviews
https://www.kimovil.com/en/where-to-buy-samsung-galaxy-a51-global-8gb-256gb-a515f,Samsung Galaxy A51,8,"6.5""",256GB,8GB,69 reviews
https://www.kimovil.com/en/where-to-buy-samsung-galaxy-a32-5g,Samsung Galaxy A32 5G,8,"6.5""",128GB,4GB,5 reviews
https://www.kimovil.com/en/where-to-buy-samsung-galaxy-a32-5g-global-4gb-64gb,Samsung Galaxy A32 5G,8,"6.5""",64GB,4GB,5 reviews
https://www.kimovil.com/en/where-to-buy-samsung-galaxy-s21-ultra-256gb-cn,Samsung Galaxy S21 Ultra,?,"6.8""",256GB,12GB,30 reviews
https://www.kimovil.com/en/where-to-buy-samsung-galaxy-s21-plus-256gb-kr,Samsung Galaxy S21+,?,"6.7""",256GB,8GB,7 reviews
https://www.kimovil.com/en/where-to-buy-samsung-galaxy-a32-5g-global-6gb-128gb-sm-a326b,Samsung Galaxy A32 5G,8,"6.5""",128GB,6GB,5 reviews
https://www.kimovil.com/en/where-to-buy-samsung-galaxy-s20-ultra-cn,Samsung Galaxy S20 Ultra,?,"6.9""",256GB,12GB,23 reviews
https://www.kimovil.com/en/where-to-buy-samsung-galaxy-m32,Samsung Galaxy M32,8,"6.4""",64GB,4GB,No user reviews
https://www.kimovil.com/en/where-to-buy-samsung-galaxy-m32-india-6gb-128gb,Samsung Galaxy M32,8,"6.4""",128GB,6GB,No user reviews
https://www.kimovil.com/en/where-to-buy-samsung-z-flip3-5g-verizone,Samsung Galaxy Z Flip3 5G,8,"6.7""",128GB,8GB,No user reviews
https://www.kimovil.com/en/where-to-buy-samsung-galaxy-a32-5g-global-8gb-128gb-sm-a326b,Samsung Galaxy A32 5G,8,"6.5""",128GB,8GB,5 reviews
https://www.kimovil.com/en/where-to-buy-samsung-galaxy-m32-5g,Samsung Galaxy M32 5G,8,"6.5""",128GB,8GB,No user reviews
https://www.kimovil.com/en/where-to-buy-samsung-galaxy-s7-edge-eu,Samsung Galaxy S7 Edge,7.9,"5.5""",32GB,4GB,407 reviews
https://www.kimovil.com/en/where-to-buy-samsung-galaxy-s20-plus-na,Samsung Galaxy S20 Plus 5G,?,"6.7""",128GB,12GB,27 reviews
https://www.kimovil.com/en/where-to-buy-samsung-galaxy-z-flip-5g,Samsung Galaxy Z Flip 5G,7.9,"6.7""",256GB,8GB,No user reviews
https://www.kimovil.com/en/where-to-buy-samsung-galaxy-note20-ultra-512gb-cn,Samsung Galaxy Note20 Ultra,?,"6.9""",512GB,12GB,22 reviews
https://www.kimovil.com/en/where-to-buy-samsung-galaxy-a70,Samsung Galaxy A70,7.9,"6.7""",128GB,6GB,117 reviews
https://www.kimovil.com/en/where-to-buy-samsung-galaxy-a41,Samsung Galaxy A41,7.9,"6.1""",64GB,4GB,No user reviews
https://www.kimovil.com/en/where-to-buy-samsung-galaxy-s21-plus-cn,Samsung Galaxy S21+,?,"6.7""",128GB,8GB,7 reviews
https://www.kimovil.com/en/where-to-buy-samsung-galaxy-s21-5g-256gb-kr,Samsung Galaxy S21 5G,?,"6.2""",256GB,8GB,20 reviews
https://www.kimovil.com/en/where-to-buy-samsung-galaxy-s20-plus-cn,Samsung Galaxy S20 Plus 5G,?,"6.7""",128GB,12GB,27 reviews
https://www.kimovil.com/en/where-to-buy-samsung-galaxy-a22-4g-128gb,Samsung Galaxy A22 4G,7.9,"6.4""",128GB,4GB,No user reviews
https://www.kimovil.com/en/where-to-buy-samsung-galaxy-s7-eu,Samsung Galaxy S7,7.8,"5.1""",32GB,4GB,209 reviews
https://www.kimovil.com/en/where-to-buy-samsung-galaxy-note-8-usa,Samsung Galaxy Note 8,7.8,"6.3""",64GB,6GB,64 reviews
https://www.kimovil.com/en/where-to-buy-samsung-galaxy-z-flip,Samsung Galaxy Z Flip,7.8,"6.7""",256GB,8GB,21 reviews
https://www.kimovil.com/en/where-to-buy-samsung-galaxy-note20-ultra-4g-512gb-na,Samsung Galaxy Note20 Ultra,?,"6.9""",512GB,8GB,22 reviews
https://www.kimovil.com/en/where-to-buy-samsung-galaxy-note20-ultra-sm-n986n,Samsung Galaxy Note20 Ultra,?,"6.9""",128GB,12GB,22 reviews
https://www.kimovil.com/en/where-to-buy-samsung-galaxy-note20-ultra-cn,Samsung Galaxy Note20 Ultra,?,"6.9""",256GB,12GB,22 reviews
https://www.kimovil.com/en/where-to-buy-samsung-galaxy-a31-global-4gb-64gb,Samsung Galaxy A31,7.8,"6.4""",64GB,4GB,37 reviews
https://www.kimovil.com/en/where-to-buy-samsung-galaxy-a31-a315g,Samsung Galaxy A31,?,"6.4""",64GB,4GB,37 reviews
https://www.kimovil.com/en/where-to-buy-samsung-galaxy-a22-4g,Samsung Galaxy A22 4G,7.8,"6.4""",64GB,4GB,No user reviews
https://www.kimovil.com/en/where-to-buy-samsung-galaxy-z-fold3,Samsung Galaxy Z Fold3,7.8,"6.2""",256GB,12GB,No user reviews
https://www.kimovil.com/en/where-to-buy-samsung-galaxy-m22-global-4gb-128gb-sm-m225fv,Samsung Galaxy M22,7.8,"6.4""",128GB,4GB,No user reviews
https://www.kimovil.com/en/where-to-buy-samsung-galaxy-s7-edgesm-g9350-dual,Samsung Galaxy S7 Edge,7.7,"5.5""",32GB,4GB,407 reviews
https://www.kimovil.com/en/where-to-buy-samsung-galaxy-note-8,Samsung Galaxy Note 8,7.7,"6.3""",64GB,6GB,64 reviews
https://www.kimovil.com/en/where-to-buy-samsung-galaxy-note-8-dual-sim,Samsung Galaxy Note 8,7.7,"6.3""",64GB,6GB,64 reviews
https://www.kimovil.com/en/where-to-buy-samsung-galaxy-note20-128gb,Samsung Galaxy Note20,?,"6.7""",128GB,8GB,No user reviews
https://www.kimovil.com/en/where-to-buy-samsung-galaxy-note20-ultra-sm-n986u,Samsung Galaxy Note20 Ultra,7.7,"6.9""",128GB,12GB,22 reviews
https://www.kimovil.com/en/where-to-buy-samsung-galaxy-note20-sm-n981n,Samsung Galaxy Note20,?,"6.7""",256GB,8GB,No user reviews
https://www.kimovil.com/en/where-to-buy-samsung-galaxy-note20-5g-cn,Samsung Galaxy Note20,?,"6.7""",256GB,8GB,No user reviews
https://www.kimovil.com/en/where-to-buy-samsung-galaxy-a21s-am,Samsung Galaxy A21s,7.7,"6.5""",64GB,4GB,46 reviews
https://www.kimovil.com/en/where-to-buy-samsung-galaxy-a21s-4gb-global,Samsung Galaxy A21s,7.7,"6.5""",64GB,4GB,46 reviews
https://www.kimovil.com/en/where-to-buy-samsung-galaxy-a31-global-6gb-128gb,Samsung Galaxy A31,7.7,"6.4""",128GB,6GB,37 reviews
https://www.kimovil.com/en/where-to-buy-samsung-galaxy-a31,Samsung Galaxy A31,7.7,"6.4""",128GB,4GB,37 reviews
https://www.kimovil.com/en/where-to-buy-samsung-galaxy-z-flip-sf-f500n,Samsung Galaxy Z Flip,7.7,"6.7""",256GB,8GB,21 reviews
https://www.kimovil.com/en/where-to-buy-samsung-galaxy-a31-128gb-am,Samsung Galaxy A31,7.7,"6.4""",128GB,6GB,37 reviews
https://www.kimovil.com/en/where-to-buy-samsung-galaxy-a21s,Samsung Galaxy A21s,7.7,"6.5""",32GB,3GB,46 reviews
https://www.kimovil.com/en/where-to-buy-samsung-galaxy-note10-plus-na,Samsung Galaxy Note10+,?,"6.8""",256GB,12GB,57 reviews
https://www.kimovil.com/en/where-to-buy-samsung-galaxy-note10-plus-na-512gb,Samsung Galaxy Note10+,?,"6.8""",512GB,12GB,57 reviews
https://www.kimovil.com/en/where-to-buy-samsung-galaxy-note10-plus-na-256gb-5g,Samsung Galaxy Note10+ 5G,?,"6.8""",256GB,12GB,57 reviews
https://www.kimovil.com/en/where-to-buy-samsung-galaxy-a12-global-3gb-32gb-sm-a125f,Samsung Galaxy A12,7.7,"6.5""",32GB,3GB,5 reviews
https://www.kimovil.com/en/where-to-buy-samsung-galaxy-a31-am-4gb-128gb,Samsung Galaxy A31,7.7,"6.4""",128GB,4GB,37 reviews
https://www.kimovil.com/en/where-to-buy-samsung-galaxy-m12,Samsung Galaxy M12,7.7,"6.4""",64GB,4GB,No user reviews
https://www.kimovil.com/en/where-to-buy-samsung-galaxy-m12-6gb-128gb,Samsung Galaxy M12,7.7,"6.4""",128GB,4GB,No user reviews
https://www.kimovil.com/en/where-to-buy-samsung-galaxy-a21s-am-32gb,Samsung Galaxy A21s,?,"6.5""",32GB,3GB,46 reviews
https://www.kimovil.com/en/where-to-buy-samsung-galaxy-a21s-global-4gb-128gb-sm-a217fds,Samsung Galaxy A21s,7.7,"6.5""",128GB,4GB,46 reviews
https://www.kimovil.com/en/where-to-buy-samsung-galaxy-a21s-global-6gb-64gb-sm-a217fds,Samsung Galaxy A21s,7.7,"6.5""",64GB,6GB,46 reviews
https://www.kimovil.com/en/where-to-buy-samsung-galaxy-a12,Samsung Galaxy A12,7.7,"6.5""",64GB,4GB,5 reviews
https://www.kimovil.com/en/where-to-buy-samsung-galaxy-a12-128gb,Samsung Galaxy A12,7.7,"6.5""",128GB,4GB,5 reviews
https://www.kimovil.com/en/where-to-buy-samsung-galaxy-m12-global-3gb-32gb-sm-m127f,Samsung Galaxy M12,7.7,"6.4""",32GB,3GB,No user reviews
https://www.kimovil.com/en/where-to-buy-samsung-galaxy-m12-global-3gb-128gb-m127f,Samsung Galaxy M12,7.7,"6.4""",128GB,3GB,No user reviews
https://www.kimovil.com/en/where-to-buy-samsung-galaxy-z-fold3-t-mobile,Samsung Galaxy Z Fold3,?,"6.2""",256GB,12GB,No user reviews
https://www.kimovil.com/en/where-to-buy-samsung-galaxy-z-fold3-at-t,Samsung Galaxy Z Fold3,?,"6.2""",256GB,12GB,No user reviews
https://www.kimovil.com/en/where-to-buy-samsung-w22-5g,Samsung W22 5G,?,"6.2""",256GB,16GB,No user reviews
https://www.kimovil.com/en/where-to-buy-samsung-galaxy-z-fold3-cn,Samsung Galaxy Z Fold3,?,"6.2""",512GB,12GB,No user reviews
https://www.kimovil.com/en/where-to-buy-samsung-galaxy-s10-plus-sm-g975u-1tb,Samsung Galaxy S10 Plus,?,"6.4""",1TB,12GB,108 reviews
https://www.kimovil.com/en/where-to-buy-samsung-galaxy-a50,Samsung Galaxy A50,7.6,"6.4""",128GB,4GB,195 reviews
https://www.kimovil.com/en/where-to-buy-samsung-galaxy-note10-plus-global-12gb-1TB-n975fd,Samsung Galaxy Note10+,?,"6.8""",1TB,12GB,57 reviews
https://www.kimovil.com/en/where-to-buy-samsung-galaxy-a9-2018,Samsung Galaxy A9 (2018),7.6,"6.3""",128GB,6GB,9 reviews
https://www.kimovil.com/en/where-to-buy-samsung-galaxy-z-flip-5g-am,Samsung Galaxy Z Flip 5G,7.6,"6.7""",256GB,8GB,No user reviews
https://www.kimovil.com/en/where-to-buy-samsung-galaxy-note10-plus-eu-512gb-5g,Samsung Galaxy Note10+ 5G,?,"6.8""",512GB,12GB,57 reviews
https://www.kimovil.com/en/where-to-buy-samsung-galaxy-m12-in,Samsung Galaxy M12,7.6,"6.4""",64GB,4GB,No user reviews
https://www.kimovil.com/en/where-to-buy-samsung-galaxy-m12-india-6gb-128gb,Samsung Galaxy M12,7.6,"6.4""",128GB,6GB,No user reviews
https://www.kimovil.com/en/where-to-buy-samsung-galaxy-a12-am,Samsung Galaxy A12,7.6,"6.5""",64GB,4GB,5 reviews
https://www.kimovil.com/en/where-to-buy-samsung-galaxy-z-fold3-verizone,Samsung Galaxy Z Fold3,?,"6.2""",256GB,12GB,No user reviews
https://www.kimovil.com/en/where-to-buy-samsung-galaxy-s7-edge,Samsung Galaxy S7 Edge,7.5,"5.5""",32GB,4GB,407 reviews
https://www.kimovil.com/en/where-to-buy-samsung-galaxy-s10-5g,Samsung Galaxy S10 5G,?,"6.7""",256GB,8GB,8 reviews
https://www.kimovil.com/en/where-to-buy-samsung-galaxy-s10-5g-sm-g977n,Samsung Galaxy S10 5G,?,"6.7""",256GB,8GB,8 reviews
https://www.kimovil.com/en/where-to-buy-samsung-galaxy-s10-plus-sm-g975u-512gb,Samsung Galaxy S10 Plus,?,"6.4""",512GB,8GB,108 reviews
https://www.kimovil.com/en/where-to-buy-samsung-galaxy-a40,Samsung Galaxy A40,7.5,"5.9""",64GB,4GB,41 reviews
https://www.kimovil.com/en/where-to-buy-samsung-galaxy-a30s-a307gz,Samsung Galaxy A30s,?,"6.4""",64GB,4GB,48 reviews
https://www.kimovil.com/en/where-to-buy-samsung-galaxy-s10-lite-india-8gb-512gb-g770fz,Samsung Galaxy S10 Lite,?,"6.7""",512GB,8GB,21 reviews
https://www.kimovil.com/en/where-to-buy-samsung-galaxy-a30s-global-4gb-128gb-sm-a307fd,Samsung Galaxy A30s,7.5,"6.4""",128GB,4GB,48 reviews
https://www.kimovil.com/en/where-to-buy-samsung-galaxy-s10-5g-global-8gb-512gb-g977b,Samsung Galaxy S10 5G,?,"6.7""",512GB,8GB,8 reviews
https://www.kimovil.com/en/where-to-buy-samsung-galaxy-a30s,Samsung Galaxy A30s,7.5,"6.4""",64GB,4GB,48 reviews
https://www.kimovil.com/en/where-to-buy-samsung-galaxy-f62-india-8gb-128gb-sm-e625f,Samsung Galaxy F62,?,"6.7""",128GB,8GB,No user reviews
https://www.kimovil.com/en/where-to-buy-samsung-galaxy-a12-nacho,Samsung Galaxy A12 Nacho,7.5,"6.5""",32GB,4GB,No user reviews
https://www.kimovil.com/en/where-to-buy-samsung-z-flip3-5g-at-t,Samsung Galaxy Z Flip3 5G,?,"6.7""",128GB,8GB,No user reviews
https://www.kimovil.com/en/where-to-buy-samsung-z-flip3-5g-t-mobile,Samsung Galaxy Z Flip3 5G,?,"6.7""",128GB,8GB,No user reviews
https://www.kimovil.com/en/where-to-buy-samsung-galaxy-s6-32gb,Samsung Galaxy S6,7.4,"5.1""",32GB,3GB,226 reviews
https://www.kimovil.com/en/where-to-buy-samsung-galaxy-s10-plus-sm-g975u,Samsung Galaxy S10 Plus,?,"6.4""",128GB,8GB,108 reviews
https://www.kimovil.com/en/where-to-buy-samsung-galaxy-a30,Samsung Galaxy A30,7.4,"6.4""",64GB,4GB,120 reviews
https://www.kimovil.com/en/where-to-buy-samsung-galaxy-s10-sm-g973u-512gb,Samsung Galaxy S10,?,"6.1""",512GB,8GB,60 reviews
https://www.kimovil.com/en/where-to-buy-samsung-galaxy-s10-lite,Samsung Galaxy S10 Lite,?,"6.7""",128GB,6GB,21 reviews
https://www.kimovil.com/en/where-to-buy-samsung-galaxy-s10-lite-in,Samsung Galaxy S10 Lite,?,"6.7""",128GB,8GB,21 reviews
https://www.kimovil.com/en/where-to-buy-samsung-galaxy-xcover-pro,Samsung Galaxy XCover Pro,7.4,"6.3""",64GB,4GB,No user reviews
https://www.kimovil.com/en/where-to-buy-samsung-galaxy-a7-2018,Samsung Galaxy A7 (2018),7.4,"6""",64GB,4GB,46 reviews
https://www.kimovil.com/en/where-to-buy-samsung-galaxy-a8-2018,Samsung Galaxy A8 (2018),7.4,"5.6""",32GB,3GB,51 reviews
https://www.kimovil.com/en/where-to-buy-samsung-galaxy-z-fold2-5g-sm-f916n,Samsung Galaxy Z Fold2 5G,?,"6.2""",256GB,12GB,No user reviews
https://www.kimovil.com/en/where-to-buy-samsung-galaxy-z-fold2-5g-cn,Samsung Galaxy Z Fold2 5G,?,"6.2""",256GB,12GB,No user reviews
https://www.kimovil.com/en/where-to-buy-samsung-galaxy-a20-latam,Samsung Galaxy A20,7.4,"6.4""",32GB,3GB,89 reviews
https://www.kimovil.com/en/where-to-buy-samsung-galaxy-z-fold2-5g-512gb-sm-f916u,Samsung Galaxy Z Fold2 5G,?,"6.2""",512GB,12GB,No user reviews
https://www.kimovil.com/en/where-to-buy-samsung-galaxy-w21-5g,Samsung Galaxy W21 5G,?,"6.23""",256GB,12GB,No user reviews
https://www.kimovil.com/en/where-to-buy-samsung-galaxy-z-fold2-5g-512gb-cn,Samsung Galaxy Z Fold2 5G,?,"6.2""",512GB,12GB,No user reviews
https://www.kimovil.com/en/where-to-buy-samsung-galaxy-z-fold3-unlocked,Samsung Galaxy Z Fold3,7.4,"6.2""",256GB,12GB,No user reviews
https://www.kimovil.com/en/where-to-buy-samsung-galaxy-z-fold3-global-12gb-512gb,Samsung Galaxy Z Fold3,7.4,"6.2""",512GB,12GB,No user reviews
https://www.kimovil.com/en/where-to-buy-samsung-galaxy-m52-5g-in,Samsung Galaxy M52 5G,?,"6.7""",128GB,6GB,No user reviews
https://www.kimovil.com/en/where-to-buy-samsung-galaxy-m52-5g-8gb-128gb-in,Samsung Galaxy M52 5G,?,"6.7""",128GB,8GB,No user reviews
https://www.kimovil.com/en/where-to-buy-samsung-galaxy-a5-2017-dual,Samsung Galaxy A5 (2017),7.3,"5.2""",32GB,3GB,73 reviews
https://www.kimovil.com/en/where-to-buy-samsung-galaxy-s6-edge-plus32gb,Samsung Galaxy S6 edge+,7.3,"5.7""",32GB,4GB,74 reviews
https://www.kimovil.com/en/where-to-buy-samsung-galaxy-a5-2017,Samsung Galaxy A5 (2017),7.3,"5.2""",32GB,3GB,73 reviews
https://www.kimovil.com/en/where-to-buy-samsung-galaxy-s6-edge-32gb,Samsung Galaxy S6 Edge,7.3,"5.1""",32GB,3GB,123 reviews
https://www.kimovil.com/en/where-to-buy-samsung-galaxy-s10-global-8gb-256gb-g973fd,Samsung Galaxy S10,?,"6.1""",256GB,8GB,60 reviews
https://www.kimovil.com/en/where-to-buy-samsung-galaxy-a52-5g-cn,Samsung Galaxy A52 5G,?,"6.5""",128GB,6GB,No user reviews
https://www.kimovil.com/en/where-to-buy-samsung-galaxy-z-fold2-5-512gb,Samsung Galaxy Z Fold2 5G,?,"6.2""",512GB,12GB,No user reviews
https://www.kimovil.com/en/where-to-buy-samsung-galaxy-a3-2017,Samsung Galaxy A3 (2017),7.2,"4.7""",16GB,2GB,27 reviews
https://www.kimovil.com/en/where-to-buy-samsung-galaxy-s10-lite-snapdragon,Samsung Galaxy S10e,?,"5.8""",128GB,6GB,90 reviews
https://www.kimovil.com/en/where-to-buy-samsung-galaxy-s10esm-g970uz-256gb,Samsung Galaxy S10e,?,"5.8""",256GB,8GB,90 reviews
https://www.kimovil.com/en/where-to-buy-samsung-galaxy-w20-5g,Samsung Galaxy W20 5G,?,"4.58""",512GB,12GB,No user reviews
https://www.kimovil.com/en/where-to-buy-samsung-galaxy-z-flip-5g-cn,Samsung Galaxy Z Flip 5G,7.2,"6.7""",256GB,8GB,No user reviews
https://www.kimovil.com/en/where-to-buy-samsung-galaxy-a20e,Samsung Galaxy A20e,7.2,"5.8""",32GB,3GB,18 reviews
https://www.kimovil.com/en/where-to-buy-samsung-galaxy-m11,Samsung Galaxy M11,7.2,"6.4""",32GB,3GB,No user reviews
https://www.kimovil.com/en/where-to-buy-samsung-galaxy-fold-5g,Samsung Galaxy Fold,?,"4.58""",512GB,12GB,8 reviews
https://www.kimovil.com/en/where-to-buy-samsung-galaxy-a20s-,Samsung Galaxy A20s,7.2,"6.5""",32GB,3GB,20 reviews
https://www.kimovil.com/en/where-to-buy-samsung-galaxy-xcover-5,Samsung Galaxy XCover 5,7.2,"5.3""",64GB,4GB,No user reviews
https://www.kimovil.com/en/where-to-buy-samsung-galaxy-a02-am,Samsung Galaxy A02,7.2,"6.5""",64GB,3GB,8 reviews
https://www.kimovil.com/en/where-to-buy-samsung-galaxy-a02-3gb-32gb-am,Samsung Galaxy A02,?,"6.5""",32GB,3GB,8 reviews
https://www.kimovil.com/en/where-to-buy-samsung-galaxy-a02-global-4gb-64gb-sm-a022f,Samsung Galaxy A02,7.2,"6.5""",64GB,4GB,8 reviews
https://www.kimovil.com/en/where-to-buy-samsung-galaxy-a02-2gb-32gb,Samsung Galaxy A02,7.2,"6.5""",32GB,2GB,8 reviews
https://www.kimovil.com/en/where-to-buy-samsung-galaxy-a02s,Samsung Galaxy A02s,7.2,"6.5""",32GB,3GB,6 reviews
https://www.kimovil.com/en/where-to-buy-samsung-galaxy-a02s-latam,Samsung Galaxy A02s,7.2,"6.5""",64GB,4GB,6 reviews
https://www.kimovil.com/en/where-to-buy-samsung-galaxy-a02,Samsung Galaxy A02,7.2,"6.5""",32GB,3GB,8 reviews
https://www.kimovil.com/en/where-to-buy-samsung-galaxy-a02s-latam-3gb-32gb-sm-a025m,Samsung Galaxy A02s,7.2,"6.5""",32GB,3GB,6 reviews
https://www.kimovil.com/en/where-to-buy-samsung-galaxy-z-fold3-northamerica-12gb-512gb-unlocked,Samsung Galaxy Z Fold3,7.2,"6.2""",512GB,12GB,No user reviews
https://www.kimovil.com/en/where-to-buy-samsung-galaxy-a03s,Samsung Galaxy A03s,7.2,"6.5""",32GB,3GB,No user reviews
https://www.kimovil.com/en/where-to-buy-samsung-galaxy-a03s-sm-a037m,Samsung Galaxy A03s,7.2,"6.5""",64GB,4GB,No user reviews
https://www.kimovil.com/en/where-to-buy-samsung-galaxy-a03s-internacional-4gb-64gb,Samsung Galaxy A03s,7.2,"6.5""",64GB,4GB,No user reviews
https://www.kimovil.com/en/where-to-buy-samsung-galaxy-note-4,Samsung Galaxy Note 4,7.1,"5.7""",32GB,3GB,188 reviews
https://www.kimovil.com/en/where-to-buy-samsung-galaxy-j5-2017,Samsung Galaxy J5 (2017),7.1,"5.2""",16GB,2GB,56 reviews
https://www.kimovil.com/en/where-to-buy-samsung-galaxy-s10e-sm-g977fd-256gb,Samsung Galaxy S10e,?,"5.8""",256GB,8GB,90 reviews
https://www.kimovil.com/en/where-to-buy-samsung-galaxy-fold,Samsung Galaxy Fold,?,"4.58""",512GB,12GB,8 reviews
https://www.kimovil.com/en/where-to-buy-samsung-galaxy-note-9-8gb-512gb-us-n9600,Samsung Galaxy Note 9,?,"6.4""",512GB,8GB,92 reviews
https://www.kimovil.com/en/where-to-buy-samsung-galaxy-a90-5g-global-8gb-128gb-a908fd,Samsung Galaxy A90 5G,?,"6.7""",128GB,8GB,No user reviews
https://www.kimovil.com/en/where-to-buy-samsung-galaxy-a6-plus-20183gb-32gb-duos,Samsung Galaxy A6 Plus (2018),7.1,"6""",32GB,3GB,13 reviews
https://www.kimovil.com/en/where-to-buy-samsung-galaxy-a6-plus-2018-duos-4gb-32gb,Samsung Galaxy A6 Plus (2018),7.1,"6""",32GB,4GB,13 reviews
https://www.kimovil.com/en/where-to-buy-samsung-galaxy-note-9-us-512,Samsung Galaxy Note 9,?,"6.4""",512GB,8GB,92 reviews
https://www.kimovil.com/en/where-to-buy-samsung-galaxy-a11-sm-a115m,Samsung Galaxy A11,7.1,"6.4""",32GB,2GB,18 reviews
https://www.kimovil.com/en/where-to-buy-samsung-galaxy-z-flip-5g-kr,Samsung Galaxy Z Flip 5G,?,"6.7""",256GB,8GB,No user reviews
https://www.kimovil.com/en/where-to-buy-samsung-galaxy-a10s-a107m,Samsung Galaxy A10s,7.1,"6.2""",32GB,2GB,42 reviews
https://www.kimovil.com/en/where-to-buy-samsung-galaxy-a11-america-3gb-64gb,Samsung Galaxy A11,7.1,"6.4""",64GB,3GB,18 reviews
https://www.kimovil.com/en/where-to-buy-samsung-galaxy-fold-global,Samsung Galaxy Fold,?,"4.58""",512GB,12GB,8 reviews
https://www.kimovil.com/en/where-to-buy-samsung-galaxy-a90-5g-cn,Samsung Galaxy A90 5G,?,"6.7""",128GB,8GB,No user reviews
https://www.kimovil.com/en/where-to-buy-samsung-galaxy-a71-5g,Samsung Galaxy A71 5G,?,"6.7""",128GB,6GB,No user reviews
https://www.kimovil.com/en/where-to-buy-samsung-galaxy-a71-5g-kr,Samsung Galaxy A71 5G,?,"6.7""",128GB,8GB,No user reviews
https://www.kimovil.com/en/where-to-buy-samsung-galaxy-a02-global-3gb-64gb-sm-a022f,Samsung Galaxy A02,7.1,"6.5""",64GB,3GB,8 reviews
https://www.kimovil.com/en/where-to-buy-samsung-galaxy-a72-in,Samsung Galaxy A72,?,"6.7""",128GB,8GB,14 reviews
https://www.kimovil.com/en/where-to-buy-samsung-galaxy-m42-5g,Samsung Galaxy M42 5G,?,"6.6""",128GB,6GB,No user reviews
https://www.kimovil.com/en/where-to-buy-samsung-galaxy-m42-5g-8gb-in,Samsung Galaxy M42 5G,?,"6.6""",128GB,8GB,No user reviews
https://www.kimovil.com/en/where-to-buy-samsung-galaxy-a71-5g-global-8gb-128gb-a716b,Samsung Galaxy A71 5G,?,"6.7""",128GB,8GB,No user reviews
https://www.kimovil.com/en/where-to-buy-samsung-galaxy-a42-5g-global-6gb-128gb,Samsung Galaxy A42 5G,?,"6.6""",128GB,6GB,No user reviews
https://www.kimovil.com/en/where-to-buy-samsung-galaxy-a02s-global-3gb-64gb-sm-a025f,Samsung Galaxy A02s,7.1,"6.5""",64GB,3GB,6 reviews
https://www.kimovil.com/en/where-to-buy-samsung-galaxy-a5-2016,Samsung Galaxy A5 (2016),7,"5.2""",16GB,2GB,65 reviews
https://www.kimovil.com/en/where-to-buy-samsung-galaxy-s5-neo,Samsung Galaxy S5,7,"5.1""",16GB,2GB,255 reviews
https://www.kimovil.com/en/where-to-buy-samsung-galaxy-s5-16gb,Samsung Galaxy S5,7,"5.1""",16GB,2GB,255 reviews
https://www.kimovil.com/en/where-to-buy-samsung-galaxy-note--n9600,Samsung Galaxy Note 9,?,"6.4""",128GB,6GB,92 reviews
https://www.kimovil.com/en/where-to-buy-samsung-galaxy-note-10-lite-in,Samsung Galaxy Note 10 Lite,?,"6.7""",128GB,6GB,16 reviews
https://www.kimovil.com/en/where-to-buy-samsung-galaxy-note-10-lite-global-8gb-128gb-n770f,Samsung Galaxy Note 10 Lite,?,"6.7""",128GB,8GB,16 reviews
https://www.kimovil.com/en/where-to-buy-samsung-galaxy-note-10-lite-in-8gb,Samsung Galaxy Note 10 Lite,?,"6.7""",128GB,8GB,16 reviews
https://www.kimovil.com/en/where-to-buy-samsung-galaxy-s9-plus-g965-6gb-128gb,Samsung Galaxy S9+,?,"6.2""",128GB,6GB,88 reviews
https://www.kimovil.com/en/where-to-buy-samsung-galaxy-s9-plus-g965-6gb-256gb,Samsung Galaxy S9+,?,"6.2""",256GB,6GB,88 reviews
https://www.kimovil.com/en/where-to-buy-samsung-galaxy-a6-plus-2018-duos-64gb,Samsung Galaxy A6 Plus (2018),7,"6""",64GB,4GB,13 reviews
https://www.kimovil.com/en/where-to-buy-samsung-galaxy-note-9-us,Samsung Galaxy Note 9,?,"6.4""",128GB,6GB,92 reviews
https://www.kimovil.com/en/where-to-buy-samsung-galaxy-a11-3gb-32gb,Samsung Galaxy A11,7,"6.4""",32GB,3GB,18 reviews
https://www.kimovil.com/en/where-to-buy-samsung-galaxy-a11,Samsung Galaxy A11,7,"6.4""",32GB,2GB,18 reviews
https://www.kimovil.com/en/where-to-buy-samsung-galaxy-note-9-global-6gb-64gb-n960f,Samsung Galaxy Note 9,?,"6.4""",64GB,6GB,92 reviews
https://www.kimovil.com/en/where-to-buy-samsung-galaxy-xcover-4s,Samsung Galaxy Xcover 4s,7,"5""",32GB,3GB,No user reviews
https://www.kimovil.com/en/where-to-buy-samsung-galaxy-a10s,Samsung Galaxy A10s,7,"6.2""",32GB,2GB,42 reviews
https://www.kimovil.com/en/where-to-buy-samsung-galaxy-m02,Samsung Galaxy M02,7,"6.5""",32GB,2GB,No user reviews
https://www.kimovil.com/en/where-to-buy-samsung-galaxy-s9-plus,Samsung Galaxy S9+,?,"6.2""",64GB,6GB,88 reviews
https://www.kimovil.com/en/where-to-buy-samsung-galaxy-alpha,Samsung Galaxy Alpha,6.9,"4.7""",32GB,2GB,22 reviews
https://www.kimovil.com/en/where-to-buy-samsung-galaxy-s4-i9505,Samsung Galaxy S4 I9505,6.9,"5""",16GB,2GB,283 reviews
https://www.kimovil.com/en/where-to-buy-samsung-galaxy-j7-2017,Samsung Galaxy J7 (2017),6.9,"5.5""",16GB,3GB,57 reviews
https://www.kimovil.com/en/where-to-buy-samsung-galaxy-s9-4gb-128gb,Samsung Galaxy S9,?,"5.8""",128GB,4GB,93 reviews
https://www.kimovil.com/en/where-to-buy-samsung-galaxy-a01,Samsung Galaxy A01,6.9,"5.7""",16GB,2GB,30 reviews
https://www.kimovil.com/en/where-to-buy-samsung-galaxy-a01-a015a,Samsung Galaxy A01,6.9,"5.7""",16GB,2GB,30 reviews
https://www.kimovil.com/en/where-to-buy-samsung-galaxy-j6-plus-3gb-32gb,Samsung Galaxy J6+,6.9,"6""",32GB,3GB,46 reviews
https://www.kimovil.com/en/where-to-buy-samsung-galaxy-s9-plus-dualsim-128gb,Samsung Galaxy S9+,?,"6.2""",128GB,6GB,88 reviews
https://www.kimovil.com/en/where-to-buy-samsung-galaxy-s9-plus-6gb-256gb,Samsung Galaxy S9+,?,"6.2""",256GB,6GB,88 reviews
https://www.kimovil.com/en/where-to-buy-samsung-galaxy-a6-2018-duos,Samsung Galaxy A6 (2018),6.9,"5.6""",32GB,3GB,8 reviews
https://www.kimovil.com/en/where-to-buy-samsung-galaxy-m31s-india,Samsung Galaxy M31s,?,"6.5""",128GB,6GB,No user reviews
https://www.kimovil.com/en/where-to-buy-samsung-galaxy-m31sindia-8gb-128gb-m317f,Samsung Galaxy M31s,?,"6.5""",128GB,8GB,No user reviews
https://www.kimovil.com/en/where-to-buy-samsung-galaxy-a10-sm-a105f,Samsung Galaxy A10,6.9,"6.2""",32GB,2GB,107 reviews
https://www.kimovil.com/en/where-to-buy-samsung-galaxy-a01-america-2gb-32gb-a015a,Samsung Galaxy A01,6.9,"5.7""",32GB,2GB,30 reviews
https://www.kimovil.com/en/where-to-buy-samsung-galaxy-f52-5g,Samsung Galaxy F52 5G,?,"6.6""",128GB,8GB,No user reviews
https://www.kimovil.com/en/where-to-buy-samsung-galaxy-xcover-4,Samsung Galaxy Xcover 4,6.8,"5""",16GB,2GB,No user reviews
https://www.kimovil.com/en/where-to-buy-samsung-galaxy-j3-2017,Samsung Galaxy J3 (2017),6.8,"5""",16GB,2GB,12 reviews
https://www.kimovil.com/en/where-to-buy-samsung-galaxy-s9,Samsung Galaxy S9,?,"5.8""",64GB,4GB,93 reviews
https://www.kimovil.com/en/where-to-buy-samsung-galaxy-a70s,Samsung Galaxy A70s,?,"6.7""",128GB,6GB,No user reviews
https://www.kimovil.com/en/where-to-buy-samsung-galaxy-a70s-india-8gb-128gb,Samsung Galaxy A70s,?,"6.7""",128GB,8GB,No user reviews
https://www.kimovil.com/en/where-to-buy-samsung-galaxy-j7-2017-j730f-ds,Samsung Galaxy J7 (2017),6.8,"5.5""",16GB,3GB,57 reviews
https://www.kimovil.com/en/where-to-buy-samsung-galaxy-j4-plus,Samsung Galaxy J4+,6.8,"6""",32GB,2GB,41 reviews
https://www.kimovil.com/en/where-to-buy-samsung-galaxy-s9-4gb-256gb,Samsung Galaxy S9,?,"5.8""",256GB,4GB,93 reviews
https://www.kimovil.com/en/where-to-buy-samsung-galaxy-s9-g960fd-4gb-256gb,Samsung Galaxy S9,?,"5.8""",256GB,4GB,93 reviews
https://www.kimovil.com/en/where-to-buy-samsung-galaxy-a01-core-sudasi,Samsung Galaxy A01 Core,6.8,"5.3""",16GB,1GB,5 reviews
https://www.kimovil.com/en/where-to-buy-samsung-galaxy-a01-core,Samsung Galaxy A01 Core,6.8,"5.3""",16GB,1GB,5 reviews
https://www.kimovil.com/en/where-to-buy-samsung-galaxy-m31-in,Samsung Galaxy M31,?,"6.4""",128GB,6GB,16 reviews
https://www.kimovil.com/en/where-to-buy-samsung-galaxy-f41,Samsung Galaxy F41,?,"6.4""",64GB,6GB,No user reviews
https://www.kimovil.com/en/where-to-buy-samsung-galaxy-f41-128gb-in,Samsung Galaxy F41,?,"6.4""",128GB,6GB,No user reviews
https://www.kimovil.com/en/where-to-buy-samsung-galaxy-a01-core-32gb-global,Samsung Galaxy A01 Core,6.8,"5.3""",32GB,2GB,5 reviews
https://www.kimovil.com/en/where-to-buy-samsung-galaxy-a51-64gb,Samsung Galaxy A51,?,"6.5""",64GB,4GB,69 reviews
https://www.kimovil.com/en/where-to-buy-samsung-galaxy-a51-sudeste-asiatico-4gb-128gb-a515fz,Samsung Galaxy A51,?,"6.5""",128GB,4GB,69 reviews
https://www.kimovil.com/en/where-to-buy-samsung-galaxy-a51-global-4gb-64gb-a515f,Samsung Galaxy A51,?,"6.5""",64GB,4GB,69 reviews
https://www.kimovil.com/en/where-to-buy-samsung-galaxy-m21-india-4gb-64gb-m215f,Samsung Galaxy M21,?,"6.4""",64GB,4GB,No user reviews
https://www.kimovil.com/en/where-to-buy-samsung-galaxy-a51-a515u,Samsung Galaxy A51,?,"6.5""",128GB,4GB,69 reviews
https://www.kimovil.com/en/where-to-buy-samsung-galaxy-wide5,Samsung Galaxy Wide5,?,"6.6""",128GB,6GB,No user reviews
https://www.kimovil.com/en/where-to-buy-samsung-galaxy-j3-2016,Samsung Galaxy J3 (2016),6.6,"5""",8GB,1.5GB,53 reviews
https://www.kimovil.com/en/where-to-buy-samsung-galaxy-s8-g950u,Samsung Galaxy S8,?,"5.8""",64GB,4GB,173 reviews
https://www.kimovil.com/en/where-to-buy-samsung-galaxy-s8-plus-g955u,Samsung Galaxy S8+,?,"6.2""",64GB,4GB,102 reviews
https://www.kimovil.com/en/where-to-buy-samsung-galaxy-s84gb-64gb-g950fd,Samsung Galaxy S8,?,"5.8""",64GB,4GB,173 reviews
https://www.kimovil.com/en/where-to-buy-samsung-galaxy-s8-g950k,Samsung Galaxy S8,?,"5.8""",64GB,4GB,173 reviews
https://www.kimovil.com/en/where-to-buy-samsung-galaxy-s8-plus-g955k,Samsung Galaxy S8+,?,"6.2""",64GB,4GB,102 reviews
https://www.kimovil.com/en/where-to-buy-samsung-galaxy-s8-plus-6gb-128gb,Samsung Galaxy S8+,?,"6.2""",128GB,6GB,102 reviews
https://www.kimovil.com/en/where-to-buy-samsung-galaxy-s8-active,Samsung Galaxy S8 Active,?,"5.8""",64GB,4GB,7 reviews
https://www.kimovil.com/en/where-to-buy-samsung-galaxy-s4-mini-i9195-lte-16gb,Samsung Galaxy S4 mini I9195 LTE,6.6,"4.3""",16GB,1.5GB,45 reviews
https://www.kimovil.com/en/where-to-buy-samsung-galaxy-m30s-india-6gb-128gb,Samsung Galaxy M30s,?,"6.38""",128GB,6GB,15 reviews
https://www.kimovil.com/en/where-to-buy-samsung-galaxy-j4-2018-j400fd-2gb-16gb,Samsung Galaxy J4 (2018),6.6,"5.5""",16GB,2GB,44 reviews
https://www.kimovil.com/en/where-to-buy-samsung-galaxy-a70-8gb,Samsung Galaxy A70,?,"6.7""",128GB,8GB,117 reviews
https://www.kimovil.com/en/where-to-buy-samsung-galaxy-a41-jp,Samsung Galaxy A41,?,"6.1""",64GB,4GB,No user reviews
https://www.kimovil.com/en/where-to-buy-samsung-galaxy-m30s-internacional-4gb-128gb,Samsung Galaxy M30s,?,"6.38""",128GB,4GB,15 reviews
https://www.kimovil.com/en/where-to-buy-samsung-galaxy-a70-latam,Samsung Galaxy A70,?,"6.7""",128GB,6GB,117 reviews
https://www.kimovil.com/en/where-to-buy-samsung-galaxy-m30s,Samsung Galaxy M30s,?,"6.38""",64GB,4GB,15 reviews
https://www.kimovil.com/en/where-to-buy-samsung-galaxy-f42-5g,Samsung Galaxy F42 5G,?,"6.6""",128GB,6GB,No user reviews
https://www.kimovil.com/en/where-to-buy-samsung-galaxy-f42-5g-8gb-128gb-in,Samsung Galaxy F42 5G,?,"6.6""",128GB,8GB,No user reviews
https://www.kimovil.com/en/where-to-buy-samsung-galaxy-s7-active,Samsung Galaxy S7 Active,?,"5.1""",32GB,4GB,7 reviews
https://www.kimovil.com/en/where-to-buy-samsung-galaxy-j3,Samsung Galaxy J3,6.5,"5""",8GB,1.5GB,No user reviews
https://www.kimovil.com/en/where-to-buy-samsung-galaxy-note-8n-950fd-dual-sim-128gb,Samsung Galaxy Note 8,?,"6.3""",128GB,6GB,64 reviews
https://www.kimovil.com/en/where-to-buy-samsung-galaxy-note-8n-950fd-dual-sim-256gb,Samsung Galaxy Note 8,?,"6.3""",256GB,6GB,64 reviews
https://www.kimovil.com/en/where-to-buy-samsung-galaxy-s7-edges-dual-64gb,Samsung Galaxy S7 Edge,?,"5.5""",64GB,4GB,407 reviews
https://www.kimovil.com/en/where-to-buy-samsung-galaxy-s7-edge-dual-128gb,Samsung Galaxy S7 Edge,?,"5.5""",128GB,4GB,407 reviews
https://www.kimovil.com/en/where-to-buy-samsung-galaxy-s4-mini-i9195-lte,Samsung Galaxy S4 mini I9195 LTE,6.5,"4.3""",8GB,1.5GB,45 reviews
https://www.kimovil.com/en/where-to-buy-samsung-galaxy-s5-mini,Samsung Galaxy S5 Mini,6.5,"4.5""",16GB,1.5GB,24 reviews
https://www.kimovil.com/en/where-to-buy-samsung-galaxy-a50s-global-6gb-128gb,Samsung Galaxy A50s,?,"6.4""",128GB,6GB,No user reviews
https://www.kimovil.com/en/where-to-buy-samsung-galaxy-note-8n-9500-dual-sim-64gb,Samsung Galaxy Note 8,?,"6.3""",64GB,6GB,64 reviews
https://www.kimovil.com/en/where-to-buy-samsung-galaxy-m40,Samsung Galaxy M40,?,"6.3""",128GB,6GB,No user reviews
https://www.kimovil.com/en/where-to-buy-samsung-galaxy-a31-in,Samsung Galaxy A31,?,"6.4""",128GB,6GB,37 reviews
https://www.kimovil.com/en/where-to-buy-samsung-galaxy-a50s-india,Samsung Galaxy A50s,?,"6.4""",128GB,4GB,No user reviews
https://www.kimovil.com/en/where-to-buy-samsung-galaxy-a50s-a5070,Samsung Galaxy A50s,?,"6.4""",128GB,6GB,No user reviews
https://www.kimovil.com/en/where-to-buy-samsung-galaxy-f22,Samsung Galaxy F22,?,"6.4""",64GB,4GB,No user reviews
https://www.kimovil.com/en/where-to-buy-samsung-galaxy-m22,Samsung Galaxy M22,?,"6.4""",64GB,4GB,No user reviews
https://www.kimovil.com/en/where-to-buy-samsung-galaxy-s7,Samsung Galaxy S7,6.4,"5.1""",32GB,4GB,209 reviews
https://www.kimovil.com/en/where-to-buy-samsung-galaxy-s7-g9350-dual,Samsung Galaxy S7,?,"5.1""",32GB,4GB,209 reviews
https://www.kimovil.com/en/where-to-buy-samsung-galaxy-note-fe,Samsung Galaxy Note FE,?,"5.7""",64GB,4GB,No user reviews
https://www.kimovil.com/en/where-to-buy-samsung-galaxy-s3-mini-ve,Samsung Galaxy S3 Mini VE,6.4,"4""",8GB,1GB,10 reviews
https://www.kimovil.com/en/where-to-buy-samsung-galaxy-a9-2018-8gb-128gb,Samsung Galaxy A9 (2018),?,"6.3""",128GB,8GB,9 reviews
https://www.kimovil.com/en/where-to-buy-samsung-galaxy-a8s,Samsung Galaxy A8s,?,"6.4""",128GB,6GB,No user reviews
https://www.kimovil.com/en/where-to-buy-samsung-galaxy-a9-pro-2019,Samsung Galaxy A9 Pro (2019),?,"6.4""",128GB,6GB,No user reviews
https://www.kimovil.com/en/where-to-buy-samsung-galaxy-a50-a505fd-64gb,Samsung Galaxy A50,?,"6.4""",64GB,4GB,195 reviews
https://www.kimovil.com/en/where-to-buy-samsung-galaxy-a50-6gb-64gb-a505fd,Samsung Galaxy A50,?,"6.4""",64GB,6GB,195 reviews
https://www.kimovil.com/en/where-to-buy-samsung-galaxy-a50-6gb-128gb-a505fd,Samsung Galaxy A50,?,"6.4""",128GB,6GB,195 reviews
https://www.kimovil.com/en/where-to-buy-samsung-galaxy-a9-2018-a9200,Samsung Galaxy A9S (2018),?,"6.3""",128GB,6GB,9 reviews
https://www.kimovil.com/en/where-to-buy-samsung-galaxy-a60-cn-128gb,Samsung Galaxy A60,?,"6.3""",128GB,6GB,6 reviews
https://www.kimovil.com/en/where-to-buy-samsung-galaxy-a50s-global-4gb-64gb,Samsung Galaxy A50s,?,"6.4""",64GB,4GB,No user reviews
https://www.kimovil.com/en/where-to-buy-samsung-galaxy-a50-na,Samsung Galaxy A50,?,"6.4""",64GB,4GB,195 reviews
https://www.kimovil.com/en/where-to-buy-samsung-galaxy-a50-4gb-64gb-a505gz-am-dual,Samsung Galaxy A50,?,"6.4""",128GB,4GB,195 reviews
https://www.kimovil.com/en/where-to-buy-samsung-galaxy-a8s-4gb-128gb,Samsung Galaxy A8s,?,"6.4""",128GB,4GB,No user reviews
https://www.kimovil.com/en/where-to-buy-samsung-galaxy-a8s-8gb-128gb,Samsung Galaxy A8s,?,"6.4""",128GB,8GB,No user reviews
https://www.kimovil.com/en/where-to-buy-samsung-galaxy-a60,Samsung Galaxy A60,?,"6.3""",128GB,6GB,6 reviews
https://www.kimovil.com/en/where-to-buy-samsung-galaxy-a21s-in,Samsung Galaxy A21s,?,"6.5""",64GB,4GB,46 reviews
https://www.kimovil.com/en/where-to-buy-samsung-galaxy-a21s-india-6gb-64gb-sm-a217z,Samsung Galaxy A21s,?,"6.5""",64GB,6GB,46 reviews
https://www.kimovil.com/en/where-to-buy-samsung-galaxy-a60-global-sm-a606f-ds-6gb-64gb,Samsung Galaxy A60,?,"6.3""",64GB,6GB,6 reviews
https://www.kimovil.com/en/where-to-buy-samsung-galaxy-a60-cn,Samsung Galaxy A60,?,"6.3""",64GB,6GB,6 reviews
https://www.kimovil.com/en/where-to-buy-samsung-galaxy-a50s,Samsung Galaxy A50s,?,"6.4""",128GB,4GB,No user reviews
https://www.kimovil.com/en/where-to-buy-samsung-galaxy-f12,Samsung Galaxy F12,?,"6.5""",64GB,4GB,No user reviews
https://www.kimovil.com/en/where-to-buy-samsung-galaxy-a21s-india-6gb-128gb-sm-a217z,Samsung Galaxy A21s,?,"6.5""",128GB,6GB,46 reviews
https://www.kimovil.com/en/where-to-buy-samsung-galaxy-a21s-global-2gb-32gb-sm-a217fds,Samsung Galaxy A21s,?,"6.5""",32GB,2GB,46 reviews
https://www.kimovil.com/en/where-to-buy-samsung-galaxy-m12-6gb-128gb-m127f,Samsung Galaxy M12,?,"6.4""",128GB,6GB,No user reviews
https://www.kimovil.com/en/where-to-buy-samsung-galaxy-a6s-sm-g6200-128gb,Samsung Galaxy A6s,?,"6""",128GB,6GB,No user reviews
https://www.kimovil.com/en/where-to-buy-samsung-galaxy-a40s-china-6gb-64gb-a3050z,Samsung Galaxy A40s,?,"6.4""",64GB,6GB,6 reviews
https://www.kimovil.com/en/where-to-buy-samsung-galaxy-a30s-a307gn,Samsung Galaxy A30s,?,"6.4""",128GB,4GB,48 reviews
https://www.kimovil.com/en/where-to-buy-samsung-galaxy-a6s,Samsung Galaxy A6s,?,"6""",64GB,6GB,No user reviews
https://www.kimovil.com/en/where-to-buy-samsung-galaxy-z-fold-2-na,Samsung Galaxy Z Fold2 5G,6.3,"6.2""",256GB,12GB,No user reviews
https://www.kimovil.com/en/where-to-buy-samsung-galaxy-a40s,Samsung Galaxy A40s,?,"6.4""",128GB,4GB,6 reviews
https://www.kimovil.com/en/where-to-buy-samsung-galaxy-a50india,Samsung Galaxy A50,?,"6.4""",64GB,4GB,195 reviews
https://www.kimovil.com/en/where-to-buy-samsung-galaxy-a30s-india,Samsung Galaxy A30s,?,"6.4""",64GB,4GB,48 reviews
https://www.kimovil.com/en/where-to-buy-samsung-galaxy-m10s,Samsung Galaxy M10S,?,"6.4""",32GB,3GB,No user reviews
https://www.kimovil.com/en/where-to-buy-samsung-galaxy-note-7,Samsung Galaxy Note 7,?,"5.7""",64GB,4GB,14 reviews
https://www.kimovil.com/en/where-to-buy-samsung-galaxy-s6-active,Samsung Galaxy S6 Active,?,"5.1""",32GB,3GB,No user reviews
https://www.kimovil.com/en/where-to-buy-samsung-galaxy-note-7-dual-sim,Samsung Galaxy Note 7,?,"5.7""",64GB,4GB,14 reviews
https://www.kimovil.com/en/where-to-buy-samsung-galaxy-note-5-n920i-64gb,Samsung Galaxy Note 5,?,"5.7""",64GB,4GB,42 reviews
https://www.kimovil.com/en/where-to-buy-samsung-galaxy-note-5n920i-128gb,Samsung Galaxy Note 5,?,"5.7""",128GB,4GB,42 reviews
https://www.kimovil.com/en/where-to-buy-samsung-galaxy-s632gb-dualsim,Samsung Galaxy S6,?,"5.1""",32GB,3GB,226 reviews
https://www.kimovil.com/en/where-to-buy-samsung-galaxy-s6-edge-plus,Samsung Galaxy S6 edge+,?,"5.7""",64GB,4GB,74 reviews
https://www.kimovil.com/en/where-to-buy-samsung-galaxy-s6-edge-plus-dualsim,Samsung Galaxy S6 edge+,?,"5.7""",32GB,4GB,74 reviews
https://www.kimovil.com/en/where-to-buy-samsung-galaxy-note5-n920c,Samsung Galaxy Note 5,?,"5.7""",32GB,4GB,42 reviews
https://www.kimovil.com/en/where-to-buy-samsung-galaxy-note5n920i-32,Samsung Galaxy Note 5,?,"5.7""",32GB,4GB,42 reviews
https://www.kimovil.com/en/where-to-buy-samsung-galaxy-note5n9200-4gb-32gb,Samsung Galaxy Note 5,?,"5.7""",32GB,4GB,42 reviews
https://www.kimovil.com/en/where-to-buy-samsung-galaxy-note-5-n920c-64gb,Samsung Galaxy Note 5,?,"5.7""",64GB,4GB,42 reviews
https://www.kimovil.com/en/where-to-buy-samsung-galaxy-note-edge,Samsung Galaxy Note Edge,?,"5.6""",32GB,3GB,10 reviews
https://www.kimovil.com/en/where-to-buy-samsung-galaxy-a7-2018-a750gn,Samsung Galaxy A7 (2018),?,"6""",128GB,4GB,46 reviews
https://www.kimovil.com/en/where-to-buy-samsung-galaxy-a30-4gb-64gb-a305g,Samsung Galaxy A30,?,"6.4""",64GB,4GB,120 reviews
https://www.kimovil.com/en/where-to-buy-samsung-galaxy-a30s-china-3gb-32gb-sm-a307gn,Samsung Galaxy A30s,?,"6.4""",32GB,3GB,48 reviews
https://www.kimovil.com/en/where-to-buy-samsung-galaxy-m30-4gb-64gb-m305m,Samsung Galaxy M30,?,"6.4""",64GB,4GB,14 reviews
https://www.kimovil.com/en/where-to-buy-samsung-galaxy-a30-jp,Samsung Galaxy A30,?,"6.4""",64GB,4GB,120 reviews
https://www.kimovil.com/en/where-to-buy-samsung-galaxy-a7-2018-a750f-128gb,Samsung Galaxy A7 (2018),?,"6""",128GB,6GB,46 reviews
https://www.kimovil.com/en/where-to-buy-samsung-galaxy-s-lite-luxury-edition,Samsung Galaxy S Lite Luxury Edition,?,"5.8""",64GB,4GB,No user reviews
https://www.kimovil.com/en/where-to-buy-samsung-galaxy-a9-star,Samsung Galaxy A9 Star,?,"6.28""",64GB,4GB,No user reviews
https://www.kimovil.com/en/where-to-buy-samsung-galaxy-j8,Samsung Galaxy J8,?,"6""",64GB,4GB,34 reviews
https://www.kimovil.com/en/where-to-buy-samsung-galaxy-a8-star,Samsung Galaxy A8 Star,?,"6.3""",64GB,4GB,No user reviews
https://www.kimovil.com/en/where-to-buy-samsung-galaxy-note-edge-3gb-64gb,Samsung Galaxy Note Edge,?,"5.6""",64GB,3GB,10 reviews
https://www.kimovil.com/en/where-to-buy-samsung-galaxy-a40-a405fd-4GB-128GB,Samsung Galaxy A40,?,"5.9""",128GB,4GB,41 reviews
https://www.kimovil.com/en/where-to-buy-samsung-galaxy-a30-a305g-3gb-32gb,Samsung Galaxy A30,?,"6.4""",32GB,3GB,120 reviews
https://www.kimovil.com/en/where-to-buy-samsung-galaxy-a30sm-a305g-3gb-64gb,Samsung Galaxy A30,?,"6.4""",64GB,3GB,120 reviews
https://www.kimovil.com/en/where-to-buy-samsung-galaxy-j8-j810y-4gb-64gb,Samsung Galaxy J8,?,"6""",64GB,4GB,34 reviews
https://www.kimovil.com/en/where-to-buy-samsung-galaxy-m30-6gb-128gb-sm-m305f,Samsung Galaxy M30,?,"6.4""",128GB,6GB,14 reviews
https://www.kimovil.com/en/where-to-buy-samsung-galaxy-m30-4gb-128gb-latam,Samsung Galaxy M30,?,"6.4""",128GB,4GB,14 reviews
https://www.kimovil.com/en/where-to-buy-samsung-galaxy-a12-in,Samsung Galaxy A12,?,"6.5""",64GB,4GB,No user reviews
https://www.kimovil.com/en/where-to-buy-samsung-galaxy-note-4-n9106w-dual-sim,Samsung Galaxy Note 4,?,"5.7""",16GB,3GB,188 reviews
https://www.kimovil.com/en/where-to-buy-samsung-galaxy-s6-edge-plus-32gb-g928c,Samsung Galaxy S6 edge+,?,"5.7""",32GB,4GB,74 reviews
https://www.kimovil.com/en/where-to-buy-samsung-galaxy-a9-pro-2016-3gb,Samsung Galaxy A9 Pro (2016),?,"6""",32GB,3GB,7 reviews
https://www.kimovil.com/en/where-to-buy-samsung-galaxy-s6-edge-128gb,Samsung Galaxy S6 Edge,?,"5.1""",128GB,3GB,123 reviews
https://www.kimovil.com/en/where-to-buy-samsung-galaxy-s6,Samsung Galaxy S6,?,"5.1""",128GB,3GB,226 reviews
https://www.kimovil.com/en/where-to-buy-samsung-galaxy-s6-64gb,Samsung Galaxy S6,?,"5.1""",64GB,3GB,226 reviews
https://www.kimovil.com/en/where-to-buy-samsung-galaxy-note-5-n9208-dual-sim,Samsung Galaxy Note 5,?,"5.7""",32GB,4GB,42 reviews
https://www.kimovil.com/en/where-to-buy-samsung-galaxy-a9-pro-2016-4gb,Samsung Galaxy A9 Pro (2016),?,"6""",32GB,4GB,7 reviews
https://www.kimovil.com/en/where-to-buy-samsung-galaxy-note-4-64bits,Samsung Galaxy Note 4,?,"5.7""",32GB,3GB,188 reviews
https://www.kimovil.com/en/where-to-buy-samsung-galaxy-note-4-n910c,Samsung Galaxy Note 4,?,"5.7""",32GB,3GB,188 reviews
https://www.kimovil.com/en/where-to-buy-samsung-galaxy-s6-edge-64gb,Samsung Galaxy S6 Edge,?,"5.1""",64GB,3GB,123 reviews
https://www.kimovil.com/en/where-to-buy-samsung-galaxy-m20,Samsung Galaxy M20,?,"6.3""",64GB,4GB,28 reviews
https://www.kimovil.com/en/where-to-buy-samsung-galaxy-m30,Samsung Galaxy M30,?,"6.4""",64GB,4GB,14 reviews
https://www.kimovil.com/en/where-to-buy-samsung-galaxy-m20-sm-m205f-3gb-32gb,Samsung Galaxy M20,?,"6.3""",32GB,3GB,28 reviews
https://www.kimovil.com/en/where-to-buy-samsung-galaxy-a30sm-3GB-32gb,Samsung Galaxy A30,?,"6.4""",32GB,3GB,120 reviews
https://www.kimovil.com/en/where-to-buy-samsung-galaxy-a7-2018-a750-gn-ds-64gb,Samsung Galaxy A7 (2018),?,"6""",64GB,4GB,46 reviews
https://www.kimovil.com/en/where-to-buy-samsung-galaxy-m20-india,Samsung Galaxy M20,?,"6.3""",32GB,3GB,28 reviews
https://www.kimovil.com/en/where-to-buy-samsung-galaxy-a30-global-3gb-64gb-a305fd,Samsung Galaxy A30,?,"6.4""",64GB,3GB,120 reviews
https://www.kimovil.com/en/where-to-buy-samsung-galaxy-j8-j810m,Samsung Galaxy J8,?,"6""",32GB,3GB,34 reviews
https://www.kimovil.com/en/where-to-buy-samsung-galaxy-m30-india,Samsung Galaxy M30,?,"6.4""",32GB,3GB,14 reviews
https://www.kimovil.com/en/where-to-buy-samsung-galaxy-j8-global-4gb-64gb-j810f,Samsung Galaxy J8,?,"6""",64GB,4GB,34 reviews
https://www.kimovil.com/en/where-to-buy-samsung-galaxy-a8-plus-6gb-64gb-a730fd,Samsung Galaxy A8+ (2018),?,"6""",64GB,6GB,12 reviews
https://www.kimovil.com/en/where-to-buy-samsung-galaxy-j8-j810y,Samsung Galaxy J8,?,"6""",32GB,3GB,34 reviews
https://www.kimovil.com/en/where-to-buy-samsung-galaxy-a8-plus-2018,Samsung Galaxy A8+ (2018),?,"6""",64GB,4GB,12 reviews
https://www.kimovil.com/en/where-to-buy-samsung-galaxy-a8-plus-4gb-32gb-a730fd,Samsung Galaxy A8+ (2018),?,"6""",32GB,4GB,12 reviews
https://www.kimovil.com/en/where-to-buy-samsung-galaxy-a9-pro-a910f,Samsung Galaxy A9 Pro (2016),?,"6""",32GB,4GB,7 reviews
https://www.kimovil.com/en/where-to-buy-samsung-galaxy-m30-global-3gb-32gb-m305f,Samsung Galaxy M30,?,"6.4""",32GB,3GB,14 reviews
https://www.kimovil.com/en/where-to-buy-samsung-galaxy-j8-64gb-br,Samsung Galaxy J8,?,"6""",64GB,4GB,34 reviews
https://www.kimovil.com/en/where-to-buy-samsung-galaxy-j8-j810f,Samsung Galaxy J8,?,"6""",32GB,3GB,34 reviews
https://www.kimovil.com/en/where-to-buy-samsung-galaxy-a9,Samsung Galaxy A9 (2016),?,"6""",32GB,3GB,No user reviews
https://www.kimovil.com/en/where-to-buy-samsung-galaxy-c8,Samsung Galaxy C8,?,"5.5""",32GB,3GB,No user reviews
https://www.kimovil.com/en/where-to-buy-samsung-galaxy-note-4n910u-dual,Samsung Galaxy Note 4,?,"5.7""",32GB,3GB,188 reviews
https://www.kimovil.com/en/where-to-buy-samsung-galaxy-c8-c7100-64gb,Samsung Galaxy C8,?,"5.5""",64GB,4GB,No user reviews
https://www.kimovil.com/en/where-to-buy-samsung-galaxy-a20s-india-4gb-64gb-sm-a207fn,Samsung Galaxy A20s,?,"6.5""",64GB,4GB,20 reviews
https://www.kimovil.com/en/where-to-buy-samsung-galaxy-a20s-america,Samsung Galaxy A20s,?,"6.5""",32GB,3GB,20 reviews
https://www.kimovil.com/en/where-to-buy-samsung-galaxy-a20s-in,Samsung Galaxy A20s,?,"6.5""",32GB,3GB,20 reviews
https://www.kimovil.com/en/where-to-buy-samsung-galaxy-a20s-in-64gb,Samsung Galaxy A20s,?,"6.5""",64GB,4GB,20 reviews
https://www.kimovil.com/en/where-to-buy-samsung-galaxy-a8-2018-global-4gb-32gb-a530fd,Samsung Galaxy A8 (2018),?,"5.6""",32GB,4GB,51 reviews
https://www.kimovil.com/en/where-to-buy-samsung-galaxy-a5-2017-dual-3gb-64gb,Samsung Galaxy A5 (2017),?,"5.2""",64GB,3GB,73 reviews
https://www.kimovil.com/en/where-to-buy-samsung-galaxy-a8-2018-64gb,Samsung Galaxy A8 (2018),?,"5.6""",64GB,4GB,51 reviews
https://www.kimovil.com/en/where-to-buy-samsung-galaxy-a8-2018-128gb-a530fd,Samsung Galaxy A8 (2018),?,"5.6""",128GB,4GB,51 reviews
https://www.kimovil.com/en/where-to-buy-samsung-galaxy-a21-global-3gb-64gb-a215f,Samsung Galaxy A21,?,"6.5""",64GB,3GB,No user reviews
https://www.kimovil.com/en/where-to-buy-samsung-galaxy-a20-sm-a205gd,Samsung Galaxy A20,?,"6.4""",32GB,3GB,89 reviews
https://www.kimovil.com/en/where-to-buy-samsung-galaxy-a20,Samsung Galaxy A20,?,"6.4""",32GB,3GB,89 reviews
https://www.kimovil.com/en/where-to-buy-samsung-galaxy-a20-jp,Samsung Galaxy A20,?,"6.4""",32GB,3GB,89 reviews
https://www.kimovil.com/en/where-to-buy-samsung-galaxy-a21,Samsung Galaxy A21,6,"6.5""",32GB,3GB,No user reviews
https://www.kimovil.com/en/where-to-buy-samsung-galaxy-wide4,Samsung Galaxy Wide4,?,"6.4""",32GB,3GB,No user reviews
https://www.kimovil.com/en/where-to-buy-samsung-galaxy-m02s-64gb,Samsung Galaxy M02s,?,"6.5""",64GB,4GB,No user reviews
https://www.kimovil.com/en/where-to-buy-samsung-galaxy-c9-pro,Samsung Galaxy C9,?,"6""",64GB,6GB,No user reviews
https://www.kimovil.com/en/where-to-buy-samsung-galaxy-j5-2017-pro-530g,Samsung Galaxy J5 (2017),?,"5.2""",32GB,3GB,56 reviews
https://www.kimovil.com/en/where-to-buy-samsung-galaxy-a6-plus-2018-g605g,Samsung Galaxy A6 Plus (2018),?,"6""",32GB,4GB,13 reviews
https://www.kimovil.com/en/where-to-buy-samsung-galaxy-a9-star-lite,Samsung Galaxy A9 Star Lite,?,"6""",64GB,4GB,No user reviews
https://www.kimovil.com/en/where-to-buy-samsung-galaxy-m11-am,Samsung Galaxy M11,?,"6.4""",32GB,3GB,No user reviews
https://www.kimovil.com/en/where-to-buy-samsung-galaxy-m11-global-4gb-64gb-m115f,Samsung Galaxy M11,?,"6.4""",64GB,4GB,No user reviews
https://www.kimovil.com/en/where-to-buy-samsung-galaxy-a10-a105g,Samsung Galaxy A10,?,"6.2""",32GB,2GB,107 reviews
https://www.kimovil.com/en/where-to-buy-samsung-galaxy-m02s,Samsung Galaxy M02s,?,"6.5""",32GB,3GB,No user reviews
https://www.kimovil.com/en/where-to-buy-samsung-galaxy-j7-prime,Samsung Galaxy J7 Prime,?,"5.5""",32GB,3GB,83 reviews
https://www.kimovil.com/en/where-to-buy-samsung-galaxy-j7-prime-16gb,Samsung Galaxy J7 Prime,?,"5.5""",16GB,3GB,83 reviews
https://www.kimovil.com/en/where-to-buy-samsung-galaxy-s5-plus,Samsung Galaxy S5 Plus,?,"5.1""",32GB,2GB,12 reviews
https://www.kimovil.com/en/where-to-buy-samsung-galaxy-s5-active,Samsung Galaxy S5 active,?,"5.1""",16GB,2GB,255 reviews
https://www.kimovil.com/en/where-to-buy-samsung-galaxy-a3-2017-dual,Samsung Galaxy A3 (2017),5.8,"4.7""",16GB,2GB,27 reviews
https://www.kimovil.com/en/where-to-buy-samsung-galaxy-j5-2017-pro,Samsung Galaxy J5 (2017),?,"5.2""",32GB,3GB,56 reviews
https://www.kimovil.com/en/where-to-buy-samsung-galaxy-a6-plus-2018,Samsung Galaxy A6 Plus (2018),?,"6""",64GB,3GB,13 reviews
https://www.kimovil.com/en/where-to-buy-samsung-galaxy-a6-plus-2018-3gb-32gb,Samsung Galaxy A6 Plus (2018),?,"6""",32GB,3GB,13 reviews
https://www.kimovil.com/en/where-to-buy-samsung-galaxy-j7-prime-64gb,Samsung Galaxy J7 Prime,?,"5.5""",64GB,3GB,83 reviews
https://www.kimovil.com/en/where-to-buy-samsung-galaxy-m01s,Samsung Galaxy M01s,?,"6.2""",32GB,3GB,No user reviews
https://www.kimovil.com/en/where-to-buy-samsung-galaxy-j5-2017-pro-530fd-ds-2gb-16gb,Samsung Galaxy J5 (2017),?,"5.2""",16GB,2GB,56 reviews
https://www.kimovil.com/en/where-to-buy-samsung-galaxy-a10-international,Samsung Galaxy A10,?,"6.2""",32GB,2GB,107 reviews
https://www.kimovil.com/en/where-to-buy-samsung-galaxy-a11-global-3gb-64gb-a115f,Samsung Galaxy A11,?,"6.4""",64GB,3GB,18 reviews
https://www.kimovil.com/en/where-to-buy-samsung-galaxy-jean2,Samsung Galaxy Jean2,?,"5.8""",32GB,3GB,No user reviews
https://www.kimovil.com/en/where-to-buy-samsung-galaxy-j6-2018-4gb-64gb-sm-j600g,Samsung Galaxy J6 (2018),?,"5.6""",64GB,4GB,103 reviews
https://www.kimovil.com/en/where-to-buy-samsung-galaxy-j7-prime-g610m,Samsung Galaxy J7 Prime,?,"5.5""",16GB,3GB,83 reviews
https://www.kimovil.com/en/where-to-buy-samsung-galaxy-j7-prime-g610m-32gb,Samsung Galaxy J7 Prime,?,"5.5""",32GB,3GB,83 reviews
https://www.kimovil.com/en/where-to-buy-samsung-galaxy-a10s-america-3gb-64gb-a107m,Samsung Galaxy A10s,?,"6.2""",64GB,3GB,42 reviews
https://www.kimovil.com/en/where-to-buy-samsung-galaxy-a10s-3gb-32gb-am,Samsung Galaxy A10s,?,"6.2""",32GB,3GB,42 reviews
https://www.kimovil.com/en/where-to-buy-samsung-galaxy-a7-2017,Samsung Galaxy A7 (2017),?,"5.7""",32GB,3GB,23 reviews
https://www.kimovil.com/en/where-to-buy-samsung-galaxy-a8,Samsung Galaxy A8,?,"5.7""",32GB,2GB,No user reviews
https://www.kimovil.com/en/where-to-buy-samsung-galaxy-a8-16gb,Samsung Galaxy A8,?,"5.7""",16GB,2GB,No user reviews
https://www.kimovil.com/en/where-to-buy-samsung-galaxy-s5,Samsung Galaxy S5,?,"5.1""",32GB,2GB,255 reviews
https://www.kimovil.com/en/where-to-buy-samsung-galaxy-note-3-n9000,Samsung Galaxy Note 3 N9000,?,"5.7""",64GB,3GB,29 reviews
https://www.kimovil.com/en/where-to-buy-samsung-galaxy-a10s-india-3gb-32gb-a107fd,Samsung Galaxy A10s,?,"6.2""",32GB,3GB,42 reviews
https://www.kimovil.com/en/where-to-buy-samsung-galaxy-a7-2017-fds,Samsung Galaxy A7 (2017),?,"5.7""",64GB,3GB,23 reviews
https://www.kimovil.com/en/where-to-buy-samsung-galaxy-j6-2018,Samsung Galaxy J6 (2018),?,"5.6""",32GB,3GB,103 reviews
https://www.kimovil.com/en/where-to-buy-samsung-galaxy-j6-2018-j600g,Samsung Galaxy J6 (2018),?,"5.6""",32GB,2GB,103 reviews
https://www.kimovil.com/en/where-to-buy-samsung-galaxy-j6-2018-j600fd,Samsung Galaxy J6 (2018),?,"5.6""",32GB,3GB,103 reviews
https://www.kimovil.com/en/where-to-buy-samsung-galaxy-j6-2018-4gb-64gb-sm-j600fd,Samsung Galaxy J6 (2018),?,"5.6""",64GB,4GB,103 reviews
https://www.kimovil.com/en/where-to-buy-samsung-galaxy-j6-2018-3gb-32gb-sm-j600g,Samsung Galaxy J6 (2018),?,"5.6""",32GB,3GB,103 reviews
https://www.kimovil.com/en/where-to-buy-samsung-galaxy-j6-2018-ru,Samsung Galaxy J6 (2018),?,"5.6""",32GB,3GB,103 reviews
https://www.kimovil.com/en/where-to-buy-samsung-galaxy-m01,Samsung Galaxy M01,?,"5.71""",32GB,3GB,No user reviews
https://www.kimovil.com/en/where-to-buy-samsung-galaxy-m01-in,Samsung Galaxy M01,?,"5.71""",32GB,3GB,No user reviews
https://www.kimovil.com/en/where-to-buy-samsung-galaxy-f02s,Samsung Galaxy F02s,?,"6.5""",32GB,3GB,No user reviews
https://www.kimovil.com/en/where-to-buy-samsung-galaxy-j5-primeg570f-32gb,Samsung Galaxy J5 Prime,?,"5""",32GB,2GB,60 reviews
https://www.kimovil.com/en/where-to-buy-samsung-galaxy-a5-2016-dual-sim,Samsung Galaxy A5 (2016),?,"5.2""",16GB,2GB,65 reviews
https://www.kimovil.com/en/where-to-buy-samsung-galaxy-a7-2016-duos,Samsung Galaxy A7 (2016),?,"5.5""",16GB,3GB,8 reviews
https://www.kimovil.com/en/where-to-buy-samsung-galaxy-j7-2017-j730gm,Samsung Galaxy J7 (2017),?,"5.5""",32GB,3GB,57 reviews
https://www.kimovil.com/en/where-to-buy-samsung-galaxy-j7-plus,Samsung Galaxy J7+,?,"5.5""",32GB,4GB,No user reviews
https://www.kimovil.com/en/where-to-buy-samsung-galaxy-a7-2016-a710f,Samsung Galaxy A7 (2016),?,"5.5""",16GB,3GB,8 reviews
https://www.kimovil.com/en/where-to-buy-samsung-galaxy-s5-duos-16gb,Samsung Galaxy S5 Duos,?,"5.1""",16GB,2GB,7 reviews
https://www.kimovil.com/en/where-to-buy-samsung-galaxy-s5-octa-core,Samsung Galaxy S5,?,"5.1""",16GB,2GB,29 reviews
https://www.kimovil.com/en/where-to-buy-samsung-galaxy-note-3-n9005-lte,Samsung Galaxy Note 3 N9005 LTE,?,"5.7""",32GB,3GB,142 reviews
https://www.kimovil.com/en/where-to-buy-samsung-galaxy-note-3-n9005-lte-16gb,Samsung Galaxy Note 3 N9005 LTE,?,"5.7""",16GB,3GB,142 reviews
https://www.kimovil.com/en/where-to-buy-samsung-galaxy-j7-2018-2gb,Samsung Galaxy J7 Duo (2018),?,"5.5""",16GB,2GB,6 reviews
https://www.kimovil.com/en/where-to-buy-samsung-galaxy-j6-plus-america,Samsung Galaxy J6+,?,"6""",32GB,3GB,46 reviews
https://www.kimovil.com/en/where-to-buy-samsung-galaxy-j6-plus-4gb-64gb-america,Samsung Galaxy J6+,?,"6""",64GB,4GB,46 reviews
https://www.kimovil.com/en/where-to-buy-samsung-galaxy-j5-primeg570fd,Samsung Galaxy J5 Prime,?,"5""",16GB,2GB,60 reviews
https://www.kimovil.com/en/where-to-buy-samsung-galaxy-j7-duo-2018-3gb-32gb,Samsung Galaxy J7 Duo (2018),?,"5.5""",32GB,3GB,6 reviews
https://www.kimovil.com/en/where-to-buy-samsung-galaxy-j6-plus,Samsung Galaxy J6+,?,"6""",64GB,4GB,46 reviews
https://www.kimovil.com/en/where-to-buy-samsung-galaxy-j7-2017pro,Samsung Galaxy J7 (2017),?,"5.5""",16GB,3GB,57 reviews
https://www.kimovil.com/en/where-to-buy-samsung-galaxy-j7-2017-64gb,Samsung Galaxy J7 (2017),?,"5.5""",64GB,3GB,57 reviews
https://www.kimovil.com/en/where-to-buy-samsung-galaxy-a6-2018-duos-4gb-64gb,Samsung Galaxy A6 (2018),?,"5.6""",64GB,4GB,8 reviews
https://www.kimovil.com/en/where-to-buy-samsung-galaxy-j7-duo-2018,Samsung Galaxy J7 Duo (2018),?,"5.5""",32GB,4GB,6 reviews
https://www.kimovil.com/en/where-to-buy-samsung-galaxy-j5-prime-g570f-3gb-32gb,Samsung Galaxy J5 Prime,?,"5""",32GB,3GB,60 reviews
https://www.kimovil.com/en/where-to-buy-samsung-galaxy-a6-2018-duos-4gb-32gb,Samsung Galaxy A6 (2018),?,"5.6""",32GB,4GB,8 reviews
https://www.kimovil.com/en/where-to-buy-samsung-galaxy-m01-india-2gb-32gb-m015gz,Samsung Galaxy M01,?,"5.71""",32GB,2GB,No user reviews
https://www.kimovil.com/en/where-to-buy-samsung-galaxy-m01-india-1gb-16gb-m015gz,Samsung Galaxy M01,?,"5.71""",16GB,1GB,No user reviews
https://www.kimovil.com/en/where-to-buy-samsung-galaxy-a10s-india-2gb-32gb-a107fd,Samsung Galaxy A10s,?,"6.2""",32GB,2GB,42 reviews
https://www.kimovil.com/en/where-to-buy-samsung-galaxy-a6-2018-america,Samsung Galaxy A6 (2018),?,"5.6""",64GB,4GB,8 reviews
https://www.kimovil.com/en/where-to-buy-samsung-galaxy-m02-global-3gb-32gb-sm-m022f,Samsung Galaxy M02,?,"6.5""",32GB,3GB,No user reviews
https://www.kimovil.com/en/where-to-buy-samsung-galaxy-c7,Samsung Galaxy C7,?,"5.7""",64GB,4GB,No user reviews
https://www.kimovil.com/en/where-to-buy-samsung-galaxy-a8-2016,Samsung Galaxy A8 (2016),?,"5.7""",32GB,3GB,No user reviews
https://www.kimovil.com/en/where-to-buy-samsung-galaxy-c7-pro,Samsung Galaxy C7 Pro,?,"5.7""",64GB,4GB,No user reviews
https://www.kimovil.com/en/where-to-buy-samsung-galaxy-j5-2016,Samsung Galaxy J5 (2016),?,"5.2""",16GB,2GB,71 reviews
https://www.kimovil.com/en/where-to-buy-samsung-galaxy-j5-prime,Samsung Galaxy J5 Prime,?,"5""",16GB,2GB,60 reviews
https://www.kimovil.com/en/where-to-buy-samsung-galaxy-k-zoom,Samsung Galaxy K zoom,?,"4.8""",8GB,2GB,6 reviews
https://www.kimovil.com/en/where-to-buy-samsung-galaxy-m10,Samsung Galaxy M10,?,"6.22""",32GB,3GB,9 reviews
https://www.kimovil.com/en/where-to-buy-samsung-galaxy-a10,Samsung Galaxy A10,?,"6.2""",32GB,2GB,107 reviews
https://www.kimovil.com/en/where-to-buy-samsung-galaxy-m10-sm-m105f-2gb-16gb,Samsung Galaxy M10,?,"6.22""",16GB,2GB,9 reviews
https://www.kimovil.com/en/where-to-buy-samsung-galaxy-c5-pro,Samsung Galaxy C5 Pro,?,"5.2""",64GB,4GB,No user reviews
https://www.kimovil.com/en/where-to-buy-samsung-galaxy-a6-2018,Samsung Galaxy A6 (2018),?,"5.6""",64GB,3GB,8 reviews
https://www.kimovil.com/en/where-to-buy-samsung-galaxy-a6-2018-3gb-32gb,Samsung Galaxy A6 (2018),?,"5.6""",32GB,3GB,8 reviews
https://www.kimovil.com/en/where-to-buy-samsung-galaxy-a01-a015m,Samsung Galaxy A01,?,"5.7""",32GB,2GB,30 reviews
https://www.kimovil.com/en/where-to-buy-samsung-galaxy-a10e,Samsung Galaxy A10e,?,"5.83""",32GB,2GB,5 reviews
https://www.kimovil.com/en/where-to-buy-samsung-galaxy-c7-c7000-32gb,Samsung Galaxy C7,?,"5.7""",32GB,4GB,No user reviews
https://www.kimovil.com/en/where-to-buy-samsung-galaxy-a5-dual-sim,Samsung Galaxy A5,?,"5""",16GB,2GB,27 reviews
https://www.kimovil.com/en/where-to-buy-samsung-galaxy-a5-dual-sim-a500h,Samsung Galaxy A5,?,"5""",16GB,2GB,27 reviews
https://www.kimovil.com/en/where-to-buy-samsung-galaxy-j7-max,Samsung Galaxy J7 Max,?,"5.7""",32GB,4GB,No user reviews
https://www.kimovil.com/en/where-to-buy-samsung-galaxy-on-max,Samsung Galaxy On Max,?,"5.7""",32GB,4GB,No user reviews
https://www.kimovil.com/en/where-to-buy-samsung-galaxy-s4-i9505-32gb,Samsung Galaxy S4 I9505,?,"5""",32GB,2GB,283 reviews
https://www.kimovil.com/en/where-to-buy-samsung-galaxy-a5,Samsung Galaxy A5,?,"5""",16GB,2GB,27 reviews
https://www.kimovil.com/en/where-to-buy-samsung-galaxy-s4-i9500,Samsung Galaxy S4 I9500,?,"5""",16GB,2GB,62 reviews
https://www.kimovil.com/en/where-to-buy-samsung-galaxy-s4-zoom,Samsung Galaxy S4 zoom,?,"4.3""",8GB,1.5GB,5 reviews
https://www.kimovil.com/en/where-to-buy-samsung-galaxy-s4-active,Samsung Galaxy S4 Active,?,"5""",16GB,2GB,10 reviews
https://www.kimovil.com/en/where-to-buy-samsung-galaxy-on-nxt-64gb,Samsung Galaxy On Nxt,?,"5.5""",64GB,3GB,No user reviews
https://www.kimovil.com/en/where-to-buy-samsung-galaxy-j7-prime-2,Samsung Galaxy J7 Prime 2,?,"5.5""",32GB,3GB,5 reviews
https://www.kimovil.com/en/where-to-buy-samsung-galaxy-j4-plus-2gb-16gb,Samsung Galaxy J4+,?,"6""",16GB,2GB,41 reviews
https://www.kimovil.com/en/where-to-buy-samsung-galaxy-c5,Samsung Galaxy C5,?,"5.2""",64GB,4GB,No user reviews
https://www.kimovil.com/en/where-to-buy-samsung-galaxy-c5-32gb,Samsung Galaxy C5,?,"5.2""",32GB,4GB,No user reviews
https://www.kimovil.com/en/where-to-buy-samsung-galaxy-j7-2016,Samsung Galaxy J7 (2016),?,"5.5""",16GB,2GB,69 reviews
https://www.kimovil.com/en/where-to-buy-samsung-galaxy-j7-2016-j710h-dualsim,Samsung Galaxy J7 (2016),?,"5.5""",16GB,2GB,69 reviews
https://www.kimovil.com/en/where-to-buy-samsung-galaxy-s4-duos-i9502,Samsung Galaxy S4 Duos I9502,?,"5""",16GB,2GB,No user reviews
https://www.kimovil.com/en/where-to-buy-samsung-galaxy-on7-prime-2018,Samsung Galaxy On7 Prime (2018),?,"5.5""",64GB,3GB,No user reviews
https://www.kimovil.com/en/where-to-buy-samsung-galaxy-j4-2018-j400m-2gb-16gb,Samsung Galaxy J4 (2018),?,"5.5""",16GB,2GB,44 reviews
https://www.kimovil.com/en/where-to-buy-samsung-galaxy-j4-2018-j400m,Samsung Galaxy J4 (2018),?,"5.5""",32GB,2GB,44 reviews
https://www.kimovil.com/en/where-to-buy-samsung-galaxy-on8,Samsung Galaxy On8,?,"5.5""",16GB,3GB,No user reviews
https://www.kimovil.com/en/where-to-buy-samsung-galaxy-j7-2016-dual-32gb,Samsung Galaxy J7 (2016),?,"5.5""",32GB,2GB,69 reviews
https://www.kimovil.com/en/where-to-buy-samsung-galaxy-on-nxt,Samsung Galaxy On Nxt,?,"5.5""",16GB,3GB,No user reviews
https://www.kimovil.com/en/where-to-buy-samsung-galaxy-on-nxt-32gb,Samsung Galaxy On Nxt,?,"5.5""",32GB,3GB,No user reviews
https://www.kimovil.com/en/where-to-buy-samsung-galaxy-j7-nxt,Samsung Galaxy J7 Nxt,?,"5.5""",16GB,2GB,25 reviews
https://www.kimovil.com/en/where-to-buy-samsung-galaxy-on6,Samsung Galaxy On6,?,"5.6""",64GB,4GB,No user reviews
https://www.kimovil.com/en/where-to-buy-samsung-galaxy-j7-nxt-3gb-32gb,Samsung Galaxy J7 Nxt,?,"5.5""",32GB,3GB,25 reviews
https://www.kimovil.com/en/where-to-buy-samsung-galaxy-j7-neo,Samsung Galaxy J7 Neo,?,"5.5""",16GB,2GB,25 reviews
https://www.kimovil.com/en/where-to-buy-samsung-galaxy-a3-2016,Samsung Galaxy A3 (2016),?,"4.7""",16GB,1.5GB,24 reviews
https://www.kimovil.com/en/where-to-buy-samsung-galaxy-a3-2016-dual,Samsung Galaxy A3 (2016),?,"4.7""",16GB,1.5GB,24 reviews
https://www.kimovil.com/en/where-to-buy-samsung-galaxy-j3-2017-j330g,Samsung Galaxy J3 (2017),?,"5""",16GB,2GB,12 reviews
https://www.kimovil.com/en/where-to-buy-samsung-galaxy-j4-2018,Samsung Galaxy J4 (2018),?,"5.5""",32GB,2GB,44 reviews
https://www.kimovil.com/en/where-to-buy-samsung-galaxy-j4-2018-j400fd-3gb-32gb,Samsung Galaxy J4 (2018),?,"5.5""",32GB,3GB,44 reviews
https://www.kimovil.com/en/where-to-buy-samsung-galaxy-j7-nxt-32gb,Samsung Galaxy J7 Nxt,?,"5.5""",32GB,2GB,25 reviews
https://www.kimovil.com/en/where-to-buy-samsung-galaxy-a01-core-32gb-am,Samsung Galaxy A01 Core,?,"5.3""",32GB,2GB,5 reviews
https://www.kimovil.com/en/where-to-buy-samsung-galaxy-j4-core,Samsung Galaxy J4 Core,?,"6""",16GB,1GB,15 reviews
https://www.kimovil.com/en/where-to-buy-samsung-galaxy-m01-core,Samsung Galaxy M01 Core,?,"5.3""",16GB,1GB,No user reviews
https://www.kimovil.com/en/where-to-buy-samsung-galaxy-m01-core-32gb,Samsung Galaxy M01 Core,?,"5.3""",32GB,2GB,No user reviews
https://www.kimovil.com/en/where-to-buy-samsung-galaxy-j7-dual-sim,Samsung Galaxy J7,?,"5.5""",16GB,1.5GB,32 reviews
https://www.kimovil.com/en/where-to-buy-samsung-galaxy-c7-2017,Samsung Galaxy C7 2017,?,"5.7""",32GB,4GB,No user reviews
https://www.kimovil.com/en/where-to-buy-samsung-galaxy-j3-3300,Samsung Galaxy J3 (2017),?,"5""",32GB,3GB,12 reviews
https://www.kimovil.com/en/where-to-buy-samsung-galaxy-j3-2017-j330f,Samsung Galaxy J3 (2017),?,"5""",16GB,2GB,12 reviews
https://www.kimovil.com/en/where-to-buy-samsung-galaxy-j5-j5007f,Samsung Galaxy J5,?,"5""",8GB,1.5GB,73 reviews
https://www.kimovil.com/en/where-to-buy-samsung-galaxy-j5,Samsung Galaxy J5,?,"5""",8GB,1.5GB,73 reviews
https://www.kimovil.com/en/where-to-buy-samsung-galaxy-on7-3gb,Samsung Galaxy On7,?,"5.5""",32GB,3GB,7 reviews
https://www.kimovil.com/en/where-to-buy-samsung-galaxy-j2-core,Samsung Galaxy J2 Core,?,"5""",8GB,1GB,41 reviews
https://www.kimovil.com/en/where-to-buy-samsung-galaxy-j2-core-16gb,Samsung Galaxy J2 Core,?,"5""",16GB,1GB,41 reviews
https://www.kimovil.com/en/where-to-buy-samsung-galaxy-j2-ace,Samsung Galaxy J2 Ace,?,"5""",8GB,1.5GB,No user reviews
https://www.kimovil.com/en/where-to-buy-samsung-galaxy-a2-core,Samsung Galaxy A2 Core,?,"5""",16GB,1GB,No user reviews
https://www.kimovil.com/en/where-to-buy-samsung-galaxy-a2-core-a260g,Samsung Galaxy A2 Core,?,"5""",16GB,1GB,No user reviews
https://www.kimovil.com/en/where-to-buy-samsung-galaxy-a2-core-a260fd-8gb,Samsung Galaxy A2 Core,?,"5""",8GB,1GB,No user reviews
https://www.kimovil.com/en/where-to-buy-samsung-galaxy-j7sm-j700h,Samsung Galaxy J7,?,"5.5""",16GB,1.5GB,32 reviews
https://www.kimovil.com/en/where-to-buy-samsung-galaxy-e7-duos,Samsung Galaxy E7,?,"5.5""",16GB,2GB,No user reviews
https://www.kimovil.com/en/where-to-buy-samsung-galaxy-j5-duos,Samsung Galaxy J5,?,"5""",8GB,1.5GB,73 reviews
https://www.kimovil.com/en/where-to-buy-samsung-galaxy-grand-prime-ve-sm-g531f,Samsung Galaxy Grand Prime,?,"5""",8GB,1GB,139 reviews
https://www.kimovil.com/en/where-to-buy-samsung-galaxy-on7,Samsung Galaxy On7,?,"5.5""",8GB,1.5GB,7 reviews
https://www.kimovil.com/en/where-to-buy-samsung-galaxy-j3-pro,Samsung Galaxy J3 Pro,?,"5""",16GB,2GB,No user reviews
https://www.kimovil.com/en/where-to-buy-samsung-galaxy-j2-prime,Samsung Galaxy J2 Prime,?,"5""",8GB,1.5GB,153 reviews
https://www.kimovil.com/en/where-to-buy-samsung-galaxy-e7,Samsung Galaxy E7,?,"5.5""",16GB,2GB,No user reviews
https://www.kimovil.com/en/where-to-buy-samsung-galaxy-note-3-neo-lte-plus,Samsung Galaxy Note 3 Neo LTE+,?,"5.5""",16GB,2GB,11 reviews
https://www.kimovil.com/en/where-to-buy-samsung-galaxy-j5-duos-16gb,Samsung Galaxy J5,?,"5""",16GB,1.5GB,73 reviews
https://www.kimovil.com/en/where-to-buy-samsung-galaxy-on7-16gb,Samsung Galaxy On7,?,"5.5""",16GB,1.5GB,7 reviews
https://www.kimovil.com/en/where-to-buy-samsung-galaxy-grand-prime-plus-brasil,Samsung Grand Prime+,?,"5""",16GB,1.5GB,39 reviews
https://www.kimovil.com/en/where-to-buy-samsung-galaxy-grand-prime-plus-india,Samsung Grand Prime+,?,"5""",8GB,1.5GB,39 reviews
https://www.kimovil.com/en/where-to-buy-samsung-galaxy-j2-pro,Samsung Galaxy J2 Pro,?,"5""",16GB,2GB,12 reviews
https://www.kimovil.com/en/where-to-buy-samsung-galaxy-j2-prime-16,Samsung Galaxy J2 Prime,?,"5""",16GB,1.5GB,153 reviews
https://www.kimovil.com/en/where-to-buy-samsung-galaxy-j2-core-8gb-latam,Samsung Galaxy J2 Core,?,"5""",8GB,1GB,41 reviews
https://www.kimovil.com/en/where-to-buy-samsung-galaxy-j2-prime-532m,Samsung Galaxy J2 Prime,?,"5""",16GB,1.5GB,153 reviews
https://www.kimovil.com/en/where-to-buy-samsung-galaxy-j2-core-16gb-j260m,Samsung Galaxy J2 Core,?,"5""",16GB,1GB,41 reviews
https://www.kimovil.com/en/where-to-buy-samsung-galaxy-on5-2016,Samsung Galaxy On5 2016,?,"5""",32GB,3GB,No user reviews
https://www.kimovil.com/en/where-to-buy-samsung-galaxy-on5,Samsung Galaxy On5,?,"5""",8GB,1.5GB,9 reviews
https://www.kimovil.com/en/where-to-buy-samsung-galaxy-on5-2016g5700-2gb,Samsung Galaxy On5 2016,?,"5""",16GB,2GB,No user reviews
https://www.kimovil.com/en/where-to-buy-samsung-galaxy-j2-2018-j250y,Samsung Galaxy J2 (2018),?,"5""",16GB,1.5GB,18 reviews
https://www.kimovil.com/en/where-to-buy-samsung-galaxy-j1-2016-j120h,Samsung Galaxy J1 (2016),?,"4.5""",8GB,1GB,33 reviews
https://www.kimovil.com/en/where-to-buy-samsung-galaxy-a3-duos,Samsung Galaxy A3,?,"4.5""",16GB,1GB,29 reviews
https://www.kimovil.com/en/where-to-buy-samsung-galaxy-a7-dual-sim,Samsung Galaxy A7,?,"5.5""",16GB,2GB,No user reviews
https://www.kimovil.com/en/where-to-buy-samsung-galaxy-j1-2016,Samsung Galaxy J1 (2016),?,"4.5""",8GB,1GB,33 reviews
https://www.kimovil.com/en/where-to-buy-samsung-galaxy-a3,Samsung Galaxy A3,?,"4.5""",16GB,1.5GB,29 reviews
https://www.kimovil.com/en/where-to-buy-samsung-galaxy-a7,Samsung Galaxy A7,?,"5.5""",16GB,2GB,No user reviews
https://www.kimovil.com/en/where-to-buy-samsung-galaxy-j2-2018-j250m,Samsung Galaxy J2 (2018),?,"5""",16GB,1.5GB,18 reviews
https://www.kimovil.com/en/where-to-buy-samsung-galaxy-mega-6-3-16GB,Samsung Galaxy Mega 6.3,?,"6.3""",16GB,1.5GB,5 reviews
https://www.kimovil.com/en/where-to-buy-samsung-galaxy-s5-mini-dual,Samsung Galaxy S5 Mini (dual),?,"4.5""",16GB,1.5GB,24 reviews
https://www.kimovil.com/en/where-to-buy-samsung-galaxy-s3,Samsung Galaxy S3,?,"4.8""",16GB,1GB,266 reviews
https://www.kimovil.com/en/where-to-buy-samsung-galaxy-mega-6-3,Samsung Galaxy Mega 6.3,?,"6.3""",8GB,1.5GB,5 reviews
https://www.kimovil.com/en/where-to-buy-samsung-galaxy-j2-2018,Samsung Galaxy J2 (2018),?,"5""",16GB,1.5GB,18 reviews
https://www.kimovil.com/en/where-to-buy-samsung-galaxy-j2-2018-2gb-16gb,Samsung Galaxy J2 (2018),?,"5""",16GB,2GB,18 reviews
https://www.kimovil.com/en/where-to-buy-samsung-galaxy-j3-2016-8gb-dual-sim,Samsung Galaxy J3 (2016),?,"5""",8GB,1.5GB,53 reviews
https://www.kimovil.com/en/where-to-buy-samsung-galaxy-j2,Samsung Galaxy J2,?,"4.7""",8GB,1GB,27 reviews
https://www.kimovil.com/en/where-to-buy-samsung-galaxy-xcover-3,Samsung Galaxy Xcover 3,?,"4.5""",8GB,1.5GB,No user reviews
https://www.kimovil.com/en/where-to-buy-samsung-galaxy-j1-mini-prime,Samsung Galaxy J1 mini Prime,?,"4""",8GB,1GB,24 reviews
https://www.kimovil.com/en/where-to-buy-samsung-galaxy-mega-2-16gb,Samsung Galaxy Mega 2,?,"5.9""",16GB,2GB,No user reviews
https://www.kimovil.com/en/where-to-buy-samsung-galaxy-mega-2,Samsung Galaxy Mega 2,?,"5.9""",8GB,2GB,No user reviews
https://www.kimovil.com/en/where-to-buy-samsung-galaxy-grand-prime-duos,Samsung Galaxy Grand Prime,?,"5""",8GB,1GB,139 reviews
https://www.kimovil.com/en/where-to-buy-samsung-galaxy-i9305-s3-lte,Samsung Galaxy S3 LTE I9305,?,"4.8""",16GB,2GB,22 reviews
https://www.kimovil.com/en/where-to-buy-samsung-galaxy-grand-prime,Samsung Galaxy Grand Prime,?,"5""",8GB,1GB,139 reviews
https://www.kimovil.com/en/where-to-buy-samsung-z4,Samsung Z4,?,"4.5""",8GB,1GB,No user reviews
https://www.kimovil.com/en/where-to-buy-samsung-galaxy-e5,Samsung Galaxy E5,?,"5""",16GB,1.5GB,No user reviews
https://www.kimovil.com/en/where-to-buy-samsung-galaxy-j1-mini,Samsung Galaxy J1 mini,?,"4""",8GB,768MB,30 reviews
https://www.kimovil.com/en/where-to-buy-samsung-galaxy-s3-neo,Samsung Galaxy S3 Neo,?,"4.8""",16GB,1.5GB,47 reviews
https://www.kimovil.com/en/where-to-buy-samsung-galaxy-express,Samsung Galaxy Express,?,"4.5""",8GB,1GB,7 reviews
https://www.kimovil.com/en/where-to-buy-samsung-galaxy-j1-mini-prime-j106h,Samsung Galaxy J1 mini Prime,?,"4""",8GB,1GB,24 reviews
https://www.kimovil.com/en/where-to-buy-samsung-ativ-s,Samsung Ativ S,?,"4.8""",32GB,1GB,7 reviews
https://www.kimovil.com/en/where-to-buy-samsung-galaxy-grand-2,Samsung Galaxy Grand 2,?,"5.3""",8GB,1.5GB,15 reviews
https://www.kimovil.com/en/where-to-buy-samsung-galaxy-s4-mini-i9192-duos,Samsung Galaxy S4 mini I9192 Duos,?,"4.3""",8GB,1.5GB,11 reviews
https://www.kimovil.com/en/where-to-buy-samsung-galaxy-s4-mini-i9190,Samsung Galaxy S4 mini I9190,?,"4.3""",8GB,1.5GB,22 reviews
https://www.kimovil.com/en/where-to-buy-samsung-galaxy-s2-plus,Samsung Galaxy S2 Plus,?,"4.3""",8GB,1GB,118 reviews
https://www.kimovil.com/en/where-to-buy-samsung-galaxy-express-2,Samsung Galaxy Express 2,?,"4.5""",8GB,1.5GB,No user reviews
https://www.kimovil.com/en/where-to-buy-samsung-galaxy-core-lte,Samsung Galaxy Core LTE,?,"4.5""",8GB,1GB,7 reviews
https://www.kimovil.com/en/where-to-buy-samsung-galaxy-grand-2-duos,Samsung Galaxy Grand 2,?,"5.3""",8GB,1.5GB,15 reviews
https://www.kimovil.com/en/where-to-buy-samsung-galaxy-core-prime,Samsung Galaxy Core Prime,?,"4.5""",8GB,1GB,49 reviews
https://www.kimovil.com/en/where-to-buy-samsung-galaxy-mega-5-8,Samsung Galaxy Mega 5.8,?,"5.8""",8GB,1.5GB,No user reviews
https://www.kimovil.com/en/where-to-buy-samsung-galaxy-grand,Samsung Galaxy Grand,?,"5""",8GB,1GB,No user reviews
https://www.kimovil.com/en/where-to-buy-samsung-galaxy-grand-duos-i9082,Samsung Galaxy Grand Duos,?,"5""",8GB,1GB,7 reviews
https://www.kimovil.com/en/where-to-buy-samsung-galaxy-s3-mini-8gb,Samsung Galaxy S3 mini,?,"4""",8GB,1GB,99 reviews
https://www.kimovil.com/en/where-to-buy-samsung-galaxy-s3-mini,Samsung Galaxy S3 mini,?,"4""",16GB,1GB,99 reviews
https://www.kimovil.com/en/where-to-buy-samsung-galaxy-j1,Samsung Galaxy J1,?,"4.3""",4GB,512MB,45 reviews
https://www.kimovil.com/en/where-to-buy-samsung-galaxy-grand-neo-plus-dualsim,Samsung Galaxy Grand Neo Plus,?,"5""",8GB,1GB,34 reviews
https://www.kimovil.com/en/where-to-buy-samsung-galaxy-grand-neo8gb-dualsim,Samsung Galaxy Grand Neo (dual sim),?,"5""",8GB,1GB,11 reviews
https://www.kimovil.com/en/where-to-buy-samsung-galaxy-xcover-2,Samsung Galaxy Xcover 2,?,"4""",4GB,1GB,6 reviews
https://www.kimovil.com/en/where-to-buy-samsung-galaxy-grand-neo-plus,Samsung Galaxy Grand Neo Plus,?,"5""",8GB,1GB,34 reviews
https://www.kimovil.com/en/where-to-buy-samsung-galaxy-core-plus,Galaxy Core Plus,?,"4.3""",4GB,768MB,8 reviews
https://www.kimovil.com/en/where-to-buy-samsung-galaxy-grand-neo,Samsung Galaxy Grand Neo,?,"5""",16GB,1GB,11 reviews
https://www.kimovil.com/en/where-to-buy-samsung-galaxy-ace-2,Samsung Galaxy Ace 2,?,"3.8""",4GB,768MB,36 reviews
https://www.kimovil.com/en/where-to-buy-samsung-galaxy-grand-neo-plus-1gb-16gb,Samsung Galaxy Grand Neo Plus,?,"5""",16GB,1GB,34 reviews
https://www.kimovil.com/en/where-to-buy-samsung-galaxy-core-2,Samsung Galaxy Core 2,?,"4.5""",4GB,768MB,32 reviews
https://www.kimovil.com/en/where-to-buy-samsung-galaxy-ace-4,Samsung Galaxy Ace 4,?,"4""",8GB,1GB,22 reviews
https://www.kimovil.com/en/where-to-buy-samsung-galaxy-trend-lite,Galaxy Trend Lite,?,"4""",4GB,512MB,22 reviews
https://www.kimovil.com/en/where-to-buy-samsung-galaxy-trend-plus,Galaxy Trend Plus,?,"4""",4GB,768MB,43 reviews
https://www.kimovil.com/en/where-to-buy-samsung-galaxy-ace,Samsung Galaxy Ace,?,"3.5""",157MB,278MB,80 reviews
https://www.kimovil.com/en/where-to-buy-samsung-galaxy-core,Samsung Galaxy Core,?,"4.3""",8GB,1GB,20 reviews
https://www.kimovil.com/en/where-to-buy-samsung-galaxy-grand-neo-lite,Samsung Galaxy Grand Neo,?,"5""",8GB,1GB,11 reviews
https://www.kimovil.com/en/where-to-buy-samsung-galaxy-young-2,Samsung Galaxy Young 2,?,"3.5""",4GB,512MB,14 reviews
https://www.kimovil.com/en/where-to-buy-samsung-galaxy-trend-ii,Samsung Galaxy Trend II,?,"4""",4GB,512MB,9 reviews
https://www.kimovil.com/en/where-to-buy-samsung-galaxy-young,Samsung Galaxy Young,?,"3.3""",4GB,768MB,41 reviews
https://www.kimovil.com/en/where-to-buy-samsung-galaxy-ace-plus,Samsung Galaxy Ace Plus,?,"3.7""",3GB,512MB,10 reviews
https://www.kimovil.com/en/where-to-buy-samsung-galaxy-ace-duos,Samsung Galaxy Ace Duos,?,"3.5""",3GB,512MB,No user reviews
https://www.kimovil.com/en/where-to-buy-samsung-ace-3,Samsung Galaxy Ace 3,?,"4""",4GB,1GB,13 reviews
https://www.kimovil.com/en/where-to-buy-samsung-galaxy-ace-3-8gb,Samsung Galaxy Ace 3,?,"4""",8GB,1GB,13 reviews
